usuarioId1,usuarioId2,fechaAmistad
U0001,U0463,2015-10-17
U0001,U0396,2015-05-26
U0001,U0373,2017-11-22
U0001,U0398,2018-09-23
U0002,U0080,2018-12-11
U0003,U0341,2018-04-30
U0003,U0314,2017-05-23
U0003,U0208,2023-10-15
U0003,U0115,2023-11-13
U0003,U0352,2023-03-03
U0003,U0095,2019-01-14
U0003,U0037,2019-11-29
U0003,U0241,2017-11-14
U0003,U0458,2020-11-16
U0004,U0174,2019-09-20
U0004,U0448,2020-12-10
U0004,U0472,2015-09-05
U0004,U0079,2019-07-20
U0005,U0281,2020-01-09
U0005,U0224,2017-03-04
U0005,U0021,2021-08-06
U0005,U0383,2021-02-22
U0005,U0221,2017-06-16
U0006,U0458,2017-03-10
U0006,U0155,2021-02-19
U0006,U0478,2018-05-28
U0006,U0279,2016-12-25
U0006,U0259,2018-07-26
U0007,U0197,2022-01-27
U0007,U0473,2018-05-05
U0007,U0410,2019-07-21
U0007,U0466,2016-07-18
U0008,U0026,2022-11-26
U0008,U0171,2015-07-25
U0008,U0173,2019-05-31
U0008,U0029,2019-01-14
U0008,U0230,2020-01-14
U0008,U0419,2021-12-14
U0008,U0229,2018-10-06
U0008,U0476,2018-12-14
U0008,U0143,2015-11-24
U0009,U0493,2023-03-06
U0009,U0205,2015-02-09
U0009,U0083,2021-08-30
U0009,U0107,2015-05-20
U0009,U0291,2021-01-24
U0009,U0095,2018-09-27
U0010,U0056,2023-03-12
U0010,U0023,2015-04-23
U0010,U0254,2022-06-21
U0010,U0324,2021-09-23
U0010,U0360,2016-02-21
U0010,U0160,2017-08-14
U0011,U0488,2016-02-15
U0011,U0044,2020-03-10
U0012,U0483,2018-04-23
U0012,U0200,2022-11-24
U0012,U0050,2019-12-29
U0012,U0309,2022-08-25
U0012,U0353,2019-05-13
U0012,U0010,2015-08-10
U0012,U0074,2022-09-13
U0012,U0170,2022-11-18
U0012,U0414,2016-12-26
U0013,U0326,2023-01-16
U0013,U0014,2021-12-18
U0013,U0209,2019-02-28
U0014,U0163,2018-01-02
U0014,U0420,2022-11-01
U0014,U0472,2015-12-07
U0014,U0479,2022-08-27
U0015,U0001,2022-06-24
U0015,U0459,2016-07-07
U0015,U0044,2017-01-16
U0016,U0463,2015-09-01
U0016,U0162,2015-02-13
U0016,U0403,2016-10-08
U0016,U0408,2019-09-07
U0016,U0462,2023-07-09
U0016,U0291,2022-11-05
U0016,U0184,2015-07-27
U0016,U0448,2015-11-20
U0017,U0058,2017-01-19
U0017,U0174,2018-11-22
U0017,U0111,2023-12-13
U0017,U0443,2022-05-05
U0017,U0370,2022-09-12
U0017,U0478,2022-09-12
U0018,U0134,2020-07-09
U0018,U0227,2016-02-14
U0018,U0326,2023-07-31
U0018,U0457,2019-12-20
U0018,U0318,2022-11-24
U0018,U0175,2017-02-22
U0018,U0017,2016-06-12
U0018,U0226,2020-03-14
U0018,U0146,2021-09-02
U0018,U0024,2021-03-05
U0019,U0478,2018-12-20
U0020,U0347,2015-07-17
U0020,U0189,2015-02-09
U0020,U0331,2019-05-28
U0020,U0015,2018-03-25
U0020,U0469,2022-08-07
U0020,U0120,2021-12-22
U0020,U0343,2017-06-04
U0020,U0386,2018-05-30
U0020,U0426,2023-09-01
U0020,U0035,2023-02-02
U0021,U0106,2022-09-27
U0022,U0062,2015-07-06
U0022,U0002,2020-09-05
U0022,U0144,2021-11-10
U0022,U0180,2022-11-01
U0022,U0066,2023-07-12
U0022,U0482,2018-03-10
U0022,U0017,2015-09-21
U0022,U0451,2015-10-22
U0022,U0111,2021-02-01
U0022,U0221,2018-05-13
U0023,U0467,2021-02-12
U0023,U0050,2019-01-11
U0023,U0491,2018-11-18
U0023,U0115,2023-07-10
U0023,U0336,2023-05-31
U0023,U0174,2017-09-24
U0023,U0452,2019-03-12
U0023,U0317,2022-09-10
U0023,U0458,2021-05-11
U0023,U0091,2018-10-26
U0024,U0025,2015-10-17
U0024,U0187,2015-05-17
U0024,U0200,2015-08-31
U0025,U0495,2015-03-20
U0025,U0251,2019-06-18
U0025,U0293,2021-05-28
U0025,U0483,2019-10-22
U0025,U0297,2021-02-20
U0025,U0007,2015-08-29
U0025,U0331,2015-10-29
U0026,U0200,2017-09-16
U0026,U0369,2020-05-15
U0026,U0226,2020-08-13
U0026,U0246,2017-12-29
U0026,U0136,2022-10-15
U0026,U0023,2022-08-18
U0026,U0400,2016-05-28
U0026,U0358,2023-01-14
U0026,U0460,2017-06-11
U0027,U0293,2021-07-07
U0027,U0436,2022-11-02
U0027,U0149,2019-03-16
U0027,U0159,2017-07-10
U0028,U0002,2019-05-28
U0029,U0236,2015-02-02
U0029,U0195,2017-06-11
U0029,U0390,2016-10-20
U0029,U0436,2022-02-05
U0029,U0435,2018-11-26
U0029,U0082,2015-02-15
U0029,U0173,2015-10-26
U0029,U0169,2020-07-13
U0030,U0196,2019-05-22
U0030,U0162,2017-01-22
U0030,U0132,2018-03-16
U0030,U0068,2016-03-09
U0031,U0277,2021-06-03
U0031,U0132,2022-11-17
U0031,U0096,2023-09-27
U0031,U0300,2016-09-04
U0031,U0033,2017-06-15
U0031,U0323,2023-11-07
U0031,U0097,2017-06-25
U0031,U0340,2018-06-14
U0032,U0440,2015-05-11
U0032,U0050,2021-05-29
U0032,U0037,2015-06-13
U0032,U0008,2022-03-19
U0032,U0379,2019-09-24
U0032,U0405,2022-08-04
U0033,U0184,2017-09-27
U0034,U0328,2023-07-28
U0035,U0286,2016-04-22
U0035,U0469,2015-12-29
U0035,U0213,2019-04-22
U0035,U0263,2019-05-28
U0035,U0131,2019-12-24
U0035,U0126,2017-06-19
U0035,U0008,2023-11-29
U0035,U0079,2016-07-11
U0035,U0455,2021-11-29
U0036,U0146,2022-08-10
U0037,U0492,2021-04-23
U0037,U0474,2021-03-29
U0037,U0468,2023-11-10
U0037,U0235,2021-02-02
U0037,U0173,2020-01-22
U0037,U0388,2018-08-17
U0038,U0442,2019-06-07
U0038,U0097,2015-07-10
U0038,U0046,2017-08-03
U0038,U0089,2017-09-11
U0038,U0305,2019-09-13
U0038,U0379,2022-07-11
U0038,U0396,2017-01-03
U0038,U0218,2023-12-10
U0038,U0161,2015-02-04
U0038,U0087,2022-10-14
U0039,U0236,2020-11-02
U0039,U0191,2017-02-03
U0039,U0183,2015-11-15
U0040,U0238,2021-09-06
U0040,U0239,2016-05-31
U0040,U0457,2015-01-05
U0040,U0013,2019-12-28
U0040,U0357,2016-04-14
U0041,U0412,2016-10-25
U0041,U0178,2017-07-13
U0042,U0004,2023-12-02
U0042,U0094,2021-10-26
U0042,U0098,2023-02-19
U0042,U0222,2022-05-28
U0042,U0360,2016-12-01
U0042,U0492,2015-10-04
U0042,U0088,2018-12-15
U0042,U0052,2020-11-18
U0042,U0333,2023-10-24
U0043,U0269,2020-06-25
U0043,U0295,2023-02-08
U0044,U0353,2019-02-08
U0045,U0050,2018-09-23
U0045,U0224,2021-03-03
U0045,U0056,2021-03-05
U0045,U0397,2015-12-01
U0045,U0059,2023-03-11
U0045,U0259,2021-08-07
U0045,U0225,2018-07-05
U0045,U0110,2021-05-19
U0045,U0276,2023-05-29
U0045,U0192,2020-03-14
U0046,U0087,2022-12-13
U0046,U0362,2015-07-26
U0046,U0355,2023-06-01
U0046,U0050,2023-09-02
U0046,U0197,2018-10-23
U0046,U0286,2017-08-26
U0046,U0266,2020-05-14
U0046,U0023,2020-12-31
U0047,U0441,2021-07-11
U0047,U0112,2020-05-18
U0047,U0035,2016-12-07
U0047,U0282,2020-09-16
U0047,U0194,2018-02-04
U0047,U0313,2018-09-20
U0047,U0484,2018-06-27
U0047,U0081,2015-08-07
U0047,U0262,2022-05-16
U0047,U0467,2016-01-29
U0048,U0072,2021-03-07
U0048,U0088,2017-05-25
U0048,U0371,2021-11-24
U0048,U0388,2018-04-21
U0048,U0246,2021-01-07
U0048,U0085,2016-06-06
U0048,U0001,2022-01-05
U0048,U0028,2017-07-25
U0048,U0092,2016-07-08
U0049,U0031,2018-02-10
U0049,U0131,2018-02-15
U0049,U0046,2020-06-18
U0050,U0337,2023-05-28
U0050,U0110,2020-11-19
U0050,U0376,2023-05-21
U0050,U0069,2016-03-25
U0050,U0475,2015-09-28
U0051,U0500,2017-03-14
U0051,U0490,2022-11-11
U0051,U0491,2015-02-11
U0051,U0186,2022-07-20
U0051,U0297,2016-06-02
U0051,U0310,2023-04-02
U0051,U0365,2022-01-13
U0052,U0067,2015-05-28
U0053,U0026,2022-10-21
U0053,U0143,2016-09-03
U0053,U0481,2017-06-16
U0053,U0367,2016-06-21
U0054,U0369,2019-01-11
U0054,U0226,2016-06-04
U0054,U0256,2022-10-19
U0055,U0126,2023-01-19
U0055,U0192,2017-03-05
U0056,U0462,2023-09-17
U0057,U0259,2018-10-06
U0057,U0048,2015-07-12
U0057,U0215,2019-07-26
U0058,U0204,2015-08-24
U0058,U0102,2018-11-11
U0058,U0002,2023-01-08
U0058,U0351,2023-11-23
U0058,U0424,2021-09-02
U0059,U0480,2020-02-26
U0059,U0426,2018-12-28
U0059,U0227,2019-06-18
U0059,U0235,2021-07-22
U0060,U0314,2017-07-07
U0060,U0277,2016-06-24
U0061,U0352,2022-04-23
U0061,U0012,2016-10-25
U0062,U0046,2019-03-29
U0062,U0214,2021-10-26
U0062,U0351,2015-06-17
U0062,U0454,2016-10-13
U0062,U0418,2021-07-12
U0062,U0353,2023-05-27
U0062,U0382,2020-12-14
U0062,U0038,2017-06-12
U0062,U0242,2016-05-03
U0062,U0154,2023-10-22
U0063,U0136,2017-10-12
U0064,U0422,2015-11-29
U0064,U0143,2023-12-27
U0064,U0035,2017-04-11
U0064,U0319,2016-04-30
U0064,U0200,2019-09-16
U0064,U0202,2020-06-17
U0064,U0085,2015-02-27
U0064,U0079,2020-08-14
U0064,U0292,2015-08-17
U0065,U0209,2019-09-07
U0065,U0287,2019-05-30
U0065,U0455,2020-03-01
U0065,U0190,2023-06-12
U0065,U0498,2015-06-16
U0065,U0432,2019-04-19
U0066,U0360,2015-12-11
U0066,U0203,2021-05-25
U0066,U0478,2020-09-28
U0066,U0080,2019-06-01
U0067,U0187,2023-07-23
U0067,U0031,2023-10-14
U0067,U0157,2017-11-09
U0067,U0299,2018-05-15
U0067,U0148,2022-05-11
U0067,U0400,2015-05-29
U0068,U0496,2017-02-11
U0068,U0222,2023-01-16
U0068,U0202,2017-07-09
U0068,U0102,2021-05-13
U0068,U0352,2019-09-04
U0068,U0158,2018-11-09
U0068,U0311,2015-02-04
U0068,U0396,2018-05-23
U0069,U0194,2016-04-26
U0069,U0087,2015-12-29
U0069,U0234,2018-04-25
U0069,U0099,2016-08-24
U0069,U0067,2017-11-13
U0069,U0435,2017-06-05
U0069,U0088,2023-10-24
U0069,U0199,2019-08-11
U0069,U0070,2022-06-18
U0069,U0224,2016-07-16
U0070,U0483,2022-07-21
U0070,U0337,2016-09-11
U0070,U0286,2016-02-20
U0070,U0358,2022-08-13
U0070,U0166,2020-10-09
U0070,U0138,2020-10-03
U0071,U0275,2023-03-30
U0072,U0487,2019-07-28
U0072,U0306,2016-08-27
U0072,U0488,2022-03-04
U0072,U0353,2017-09-10
U0072,U0318,2023-02-14
U0072,U0051,2018-06-28
U0072,U0380,2022-12-23
U0072,U0320,2015-12-13
U0073,U0294,2016-07-02
U0073,U0351,2023-01-28
U0073,U0196,2018-02-27
U0073,U0136,2020-03-02
U0073,U0114,2017-02-03
U0073,U0104,2019-02-06
U0073,U0288,2022-06-23
U0073,U0175,2015-08-24
U0073,U0414,2019-02-02
U0073,U0124,2020-12-17
U0074,U0117,2017-04-08
U0074,U0127,2015-05-23
U0074,U0135,2022-09-25
U0074,U0488,2017-09-13
U0075,U0041,2019-02-07
U0075,U0363,2022-07-01
U0076,U0257,2023-09-24
U0076,U0209,2023-02-28
U0076,U0015,2019-05-19
U0076,U0193,2022-09-26
U0076,U0370,2021-04-27
U0076,U0138,2022-07-28
U0076,U0191,2018-01-05
U0076,U0444,2020-08-07
U0076,U0241,2018-09-17
U0077,U0207,2023-08-29
U0077,U0302,2022-02-16
U0077,U0366,2018-10-06
U0077,U0460,2017-03-27
U0077,U0370,2019-01-16
U0077,U0410,2017-09-09
U0077,U0139,2019-11-24
U0077,U0371,2019-02-27
U0078,U0243,2019-04-15
U0078,U0440,2015-09-18
U0078,U0140,2019-10-31
U0078,U0203,2017-05-04
U0078,U0199,2018-02-22
U0078,U0478,2016-06-02
U0078,U0374,2015-11-20
U0078,U0306,2016-12-26
U0078,U0399,2018-11-06
U0078,U0259,2018-03-15
U0079,U0012,2018-09-22
U0079,U0276,2021-12-07
U0079,U0359,2018-06-08
U0079,U0467,2020-09-11
U0079,U0005,2015-12-25
U0079,U0295,2018-10-31
U0080,U0391,2016-08-07
U0080,U0206,2018-08-16
U0080,U0307,2023-10-27
U0081,U0296,2017-01-14
U0081,U0197,2016-04-07
U0081,U0205,2017-09-08
U0081,U0156,2015-02-25
U0081,U0434,2020-01-31
U0081,U0230,2018-02-05
U0082,U0124,2023-01-17
U0082,U0190,2021-08-07
U0082,U0399,2016-05-01
U0083,U0094,2018-03-17
U0083,U0199,2015-08-04
U0083,U0063,2022-06-27
U0083,U0479,2017-12-20
U0083,U0418,2022-04-19
U0084,U0300,2016-04-21
U0084,U0102,2018-05-17
U0084,U0128,2023-09-17
U0084,U0407,2018-07-21
U0084,U0461,2018-06-19
U0084,U0081,2017-05-24
U0084,U0483,2023-01-21
U0084,U0214,2015-08-17
U0084,U0420,2020-01-29
U0085,U0213,2015-03-16
U0085,U0114,2015-05-03
U0085,U0338,2020-12-27
U0085,U0396,2022-03-29
U0085,U0236,2022-09-11
U0085,U0117,2023-03-13
U0085,U0054,2016-05-14
U0085,U0494,2020-07-23
U0085,U0466,2020-12-14
U0085,U0350,2018-12-30
U0086,U0073,2015-11-22
U0086,U0479,2019-02-17
U0086,U0062,2023-03-09
U0087,U0230,2019-01-25
U0087,U0048,2022-05-18
U0087,U0471,2018-02-18
U0087,U0479,2023-04-16
U0087,U0287,2016-12-22
U0087,U0145,2019-11-09
U0087,U0164,2020-09-01
U0087,U0081,2023-12-11
U0087,U0109,2020-03-01
U0088,U0138,2022-08-12
U0088,U0434,2020-08-02
U0088,U0350,2015-07-19
U0088,U0335,2016-04-05
U0088,U0457,2020-07-29
U0089,U0331,2022-04-08
U0089,U0496,2022-08-03
U0089,U0084,2015-04-14
U0089,U0447,2022-10-03
U0090,U0212,2019-12-27
U0090,U0409,2020-03-10
U0090,U0176,2020-01-30
U0090,U0450,2016-06-24
U0090,U0381,2021-06-22
U0090,U0422,2019-10-28
U0090,U0076,2019-06-28
U0090,U0115,2022-08-25
U0090,U0465,2018-08-19
U0091,U0098,2015-09-11
U0091,U0101,2022-03-29
U0091,U0241,2015-07-11
U0091,U0002,2023-07-24
U0091,U0058,2022-01-21
U0091,U0144,2022-11-08
U0091,U0468,2019-01-02
U0092,U0418,2021-01-08
U0092,U0226,2015-09-15
U0092,U0479,2015-04-11
U0093,U0168,2015-04-14
U0093,U0334,2016-09-14
U0093,U0267,2020-06-04
U0093,U0339,2022-08-27
U0093,U0024,2016-12-30
U0093,U0019,2023-03-07
U0094,U0034,2018-08-02
U0094,U0160,2020-03-11
U0094,U0097,2022-06-06
U0095,U0062,2018-05-18
U0095,U0219,2017-07-17
U0095,U0014,2021-06-07
U0095,U0311,2022-10-06
U0096,U0395,2017-06-10
U0096,U0472,2023-07-23
U0097,U0272,2015-05-24
U0097,U0414,2017-03-23
U0097,U0323,2016-05-13
U0097,U0357,2017-03-22
U0097,U0045,2019-03-29
U0097,U0255,2021-12-24
U0097,U0085,2018-11-17
U0098,U0365,2023-01-31
U0098,U0079,2015-04-20
U0098,U0267,2021-09-27
U0098,U0399,2022-03-26
U0098,U0202,2017-02-02
U0099,U0373,2021-11-25
U0099,U0325,2018-12-13
U0099,U0440,2022-05-24
U0099,U0250,2022-08-29
U0099,U0403,2017-05-23
U0099,U0128,2017-08-19
U0099,U0178,2016-08-30
U0099,U0066,2016-11-23
U0099,U0370,2016-09-09
U0099,U0193,2022-03-06
U0100,U0118,2016-12-14
U0100,U0360,2015-01-06
U0100,U0317,2018-03-22
U0100,U0098,2019-01-29
U0100,U0459,2020-04-24
U0100,U0269,2022-10-02
U0100,U0310,2022-10-11
U0100,U0313,2023-10-07
U0101,U0402,2017-07-17
U0101,U0183,2019-09-30
U0101,U0117,2019-10-15
U0101,U0067,2015-12-23
U0102,U0181,2020-02-24
U0102,U0499,2015-07-06
U0102,U0018,2020-09-25
U0102,U0242,2017-02-06
U0102,U0205,2019-05-13
U0102,U0047,2021-10-22
U0102,U0466,2020-08-01
U0102,U0026,2023-11-02
U0102,U0284,2016-05-09
U0103,U0415,2020-07-05
U0103,U0082,2016-05-25
U0103,U0426,2016-09-30
U0103,U0439,2019-06-12
U0103,U0104,2016-02-13
U0103,U0197,2018-12-21
U0103,U0020,2022-03-26
U0103,U0051,2021-03-17
U0103,U0008,2017-06-29
U0104,U0349,2020-07-12
U0104,U0288,2022-06-21
U0104,U0325,2023-11-26
U0104,U0494,2022-01-25
U0104,U0094,2019-11-16
U0104,U0363,2022-12-07
U0104,U0046,2023-07-19
U0104,U0495,2017-12-09
U0104,U0441,2020-12-27
U0105,U0401,2019-12-18
U0105,U0208,2023-06-15
U0105,U0246,2017-12-11
U0105,U0103,2016-06-20
U0105,U0168,2016-08-17
U0106,U0498,2016-09-17
U0106,U0495,2016-08-03
U0106,U0112,2016-10-23
U0106,U0355,2022-12-26
U0107,U0326,2021-04-13
U0107,U0055,2022-07-08
U0107,U0388,2023-04-22
U0107,U0313,2021-05-07
U0107,U0151,2016-09-23
U0107,U0131,2023-01-17
U0107,U0079,2022-06-16
U0107,U0179,2022-09-08
U0108,U0092,2018-12-19
U0108,U0377,2019-07-17
U0108,U0492,2015-08-23
U0109,U0094,2022-05-11
U0109,U0422,2015-07-21
U0109,U0456,2019-05-15
U0109,U0318,2017-09-19
U0109,U0174,2022-02-15
U0109,U0110,2023-11-12
U0109,U0192,2023-02-05
U0110,U0444,2015-08-16
U0110,U0410,2018-01-17
U0110,U0127,2019-06-14
U0110,U0035,2022-09-01
U0110,U0439,2023-11-23
U0110,U0333,2020-07-07
U0110,U0059,2018-02-03
U0110,U0274,2016-03-04
U0111,U0004,2017-07-27
U0111,U0250,2021-04-08
U0111,U0344,2018-06-02
U0111,U0163,2023-08-29
U0112,U0336,2018-08-19
U0112,U0289,2016-08-31
U0113,U0456,2022-05-27
U0114,U0113,2019-04-28
U0114,U0398,2016-12-15
U0115,U0340,2017-07-27
U0115,U0030,2021-05-27
U0115,U0262,2023-01-28
U0115,U0403,2020-04-23
U0115,U0148,2022-05-14
U0115,U0341,2019-02-05
U0115,U0206,2019-05-01
U0116,U0162,2018-02-07
U0116,U0376,2023-11-13
U0117,U0024,2022-01-08
U0117,U0187,2022-05-26
U0117,U0165,2015-10-03
U0117,U0130,2019-02-17
U0117,U0293,2015-12-21
U0117,U0038,2019-10-20
U0117,U0411,2023-01-29
U0117,U0090,2018-01-01
U0118,U0040,2023-08-06
U0118,U0291,2022-07-20
U0119,U0170,2022-07-09
U0119,U0221,2016-01-10
U0119,U0141,2021-06-18
U0119,U0009,2023-01-31
U0119,U0293,2019-03-20
U0119,U0479,2021-08-23
U0120,U0304,2020-07-27
U0120,U0166,2019-01-05
U0120,U0232,2017-01-27
U0120,U0282,2015-09-04
U0121,U0413,2016-10-10
U0121,U0001,2022-06-23
U0121,U0417,2015-03-03
U0121,U0071,2015-10-19
U0121,U0010,2021-12-25
U0121,U0131,2022-04-24
U0121,U0087,2020-07-25
U0121,U0224,2016-01-29
U0122,U0375,2016-09-05
U0122,U0340,2018-06-13
U0122,U0046,2015-10-28
U0123,U0294,2019-10-28
U0123,U0126,2021-12-15
U0123,U0386,2019-07-11
U0123,U0368,2020-03-10
U0124,U0292,2017-06-02
U0124,U0333,2015-10-31
U0124,U0234,2016-11-06
U0124,U0209,2019-10-13
U0124,U0019,2020-07-02
U0124,U0291,2020-06-04
U0124,U0490,2017-08-05
U0124,U0269,2015-11-24
U0124,U0244,2023-12-13
U0125,U0396,2018-10-21
U0125,U0095,2022-10-19
U0125,U0068,2021-06-20
U0125,U0226,2020-12-12
U0125,U0335,2020-12-30
U0125,U0201,2021-12-21
U0125,U0347,2020-04-30
U0125,U0393,2022-04-11
U0125,U0015,2021-02-09
U0125,U0237,2019-09-18
U0126,U0122,2022-01-28
U0126,U0432,2022-09-06
U0126,U0328,2021-05-30
U0126,U0481,2022-10-31
U0126,U0107,2022-10-09
U0126,U0483,2018-06-18
U0127,U0060,2023-08-20
U0127,U0310,2019-04-15
U0127,U0047,2018-09-08
U0127,U0324,2018-06-18
U0128,U0016,2023-02-17
U0128,U0490,2023-10-23
U0128,U0264,2021-06-26
U0128,U0346,2022-02-21
U0129,U0094,2016-05-10
U0129,U0120,2021-07-28
U0129,U0064,2015-10-11
U0129,U0075,2018-12-12
U0129,U0024,2015-04-07
U0129,U0082,2023-09-08
U0130,U0250,2022-03-06
U0130,U0415,2020-02-12
U0130,U0195,2023-12-19
U0130,U0141,2018-03-09
U0130,U0146,2020-05-19
U0130,U0290,2015-01-29
U0131,U0001,2016-07-28
U0132,U0497,2022-06-18
U0132,U0289,2023-07-21
U0132,U0239,2019-11-18
U0132,U0204,2020-07-26
U0132,U0158,2019-07-01
U0132,U0160,2018-05-04
U0132,U0280,2021-06-02
U0133,U0305,2017-04-04
U0133,U0232,2019-04-29
U0133,U0474,2018-11-24
U0133,U0160,2019-10-14
U0133,U0455,2022-09-29
U0133,U0483,2015-05-19
U0133,U0046,2017-11-18
U0133,U0216,2018-09-16
U0134,U0012,2019-07-24
U0135,U0182,2020-04-10
U0135,U0163,2017-03-26
U0135,U0359,2015-06-04
U0135,U0113,2021-08-08
U0136,U0141,2019-12-13
U0136,U0291,2015-11-20
U0136,U0220,2016-03-26
U0136,U0317,2022-02-13
U0136,U0096,2021-05-05
U0136,U0494,2022-04-16
U0136,U0239,2019-01-06
U0137,U0293,2017-07-01
U0137,U0358,2018-08-08
U0137,U0196,2017-04-23
U0138,U0357,2019-02-28
U0139,U0240,2019-08-21
U0139,U0370,2022-07-25
U0139,U0005,2017-04-25
U0139,U0092,2019-10-14
U0139,U0190,2018-05-12
U0139,U0181,2017-08-19
U0139,U0057,2015-11-17
U0139,U0083,2018-07-10
U0139,U0272,2021-11-20
U0139,U0238,2018-04-02
U0140,U0319,2018-11-29
U0140,U0437,2018-02-27
U0140,U0288,2019-08-23
U0140,U0432,2022-05-16
U0140,U0293,2019-11-16
U0140,U0392,2017-10-12
U0140,U0173,2018-05-07
U0140,U0315,2018-09-15
U0140,U0203,2023-06-15
U0141,U0449,2023-05-11
U0141,U0463,2017-06-25
U0141,U0484,2018-06-13
U0141,U0474,2022-12-14
U0141,U0151,2017-11-20
U0142,U0407,2018-06-04
U0142,U0461,2021-11-11
U0143,U0204,2021-10-07
U0143,U0293,2021-08-09
U0144,U0387,2022-11-30
U0144,U0313,2017-11-24
U0144,U0125,2018-02-03
U0144,U0428,2021-06-26
U0145,U0147,2015-03-12
U0145,U0116,2020-11-23
U0145,U0296,2023-07-07
U0145,U0453,2022-07-31
U0145,U0139,2022-05-16
U0145,U0451,2022-11-05
U0145,U0211,2021-04-18
U0145,U0136,2016-12-02
U0146,U0115,2018-09-06
U0146,U0025,2020-08-12
U0146,U0305,2019-09-17
U0147,U0311,2023-02-11
U0147,U0372,2017-06-14
U0147,U0246,2021-06-15
U0148,U0330,2017-10-17
U0148,U0396,2016-10-07
U0148,U0453,2016-02-29
U0148,U0269,2015-02-02
U0148,U0300,2023-07-11
U0148,U0441,2021-05-27
U0148,U0480,2019-12-30
U0148,U0139,2016-06-12
U0148,U0052,2015-09-08
U0149,U0059,2023-07-17
U0149,U0442,2015-06-27
U0149,U0247,2020-05-15
U0150,U0156,2018-03-21
U0150,U0462,2022-01-25
U0150,U0438,2022-12-17
U0150,U0267,2023-10-18
U0150,U0180,2019-08-18
U0150,U0099,2019-02-26
U0151,U0243,2016-05-29
U0151,U0411,2015-06-02
U0151,U0301,2017-09-28
U0151,U0068,2015-02-11
U0151,U0441,2015-06-25
U0151,U0400,2018-05-21
U0152,U0292,2015-09-20
U0152,U0223,2016-08-30
U0152,U0436,2023-02-11
U0152,U0157,2021-11-07
U0152,U0197,2017-07-04
U0153,U0028,2023-09-25
U0153,U0423,2016-04-15
U0153,U0015,2017-04-15
U0153,U0073,2023-03-25
U0153,U0461,2020-03-05
U0153,U0379,2018-09-27
U0153,U0449,2019-05-31
U0153,U0184,2018-12-30
U0153,U0055,2020-12-05
U0153,U0070,2022-12-05
U0154,U0202,2015-01-10
U0154,U0098,2021-03-24
U0154,U0171,2019-10-29
U0154,U0300,2015-11-20
U0154,U0174,2021-06-07
U0154,U0323,2021-11-01
U0154,U0348,2017-06-13
U0154,U0431,2015-10-09
U0154,U0243,2017-12-05
U0154,U0495,2022-12-01
U0155,U0284,2019-06-13
U0155,U0153,2019-05-08
U0155,U0097,2017-06-25
U0155,U0133,2015-12-13
U0155,U0358,2015-10-24
U0155,U0169,2017-07-01
U0156,U0283,2019-07-27
U0156,U0191,2016-10-07
U0156,U0025,2022-07-10
U0156,U0455,2023-04-23
U0156,U0105,2016-07-09
U0156,U0152,2015-05-18
U0156,U0457,2017-10-15
U0156,U0094,2017-03-09
U0156,U0098,2018-06-23
U0157,U0150,2018-05-18
U0157,U0094,2017-08-08
U0157,U0136,2022-06-09
U0157,U0210,2020-01-21
U0157,U0107,2023-01-04
U0157,U0337,2021-07-01
U0157,U0056,2019-08-30
U0157,U0010,2020-08-28
U0158,U0402,2023-11-16
U0158,U0422,2022-04-21
U0158,U0278,2018-07-09
U0158,U0427,2022-12-21
U0158,U0015,2022-12-09
U0158,U0017,2016-07-30
U0158,U0284,2021-05-19
U0159,U0197,2016-09-18
U0159,U0387,2022-05-02
U0159,U0300,2016-01-03
U0159,U0493,2022-04-02
U0159,U0026,2022-06-07
U0160,U0226,2018-05-22
U0160,U0457,2017-05-01
U0160,U0147,2018-07-28
U0160,U0033,2015-08-28
U0160,U0240,2016-09-27
U0160,U0135,2017-07-24
U0160,U0097,2021-01-06
U0160,U0020,2023-11-26
U0161,U0486,2021-11-01
U0161,U0025,2018-02-22
U0161,U0084,2019-09-26
U0161,U0083,2019-05-20
U0161,U0419,2018-10-17
U0161,U0288,2017-01-12
U0162,U0386,2017-03-25
U0162,U0174,2017-04-03
U0162,U0375,2016-06-30
U0162,U0448,2020-11-01
U0162,U0387,2016-09-19
U0162,U0474,2021-12-29
U0162,U0390,2023-11-23
U0162,U0082,2017-08-15
U0163,U0070,2015-03-08
U0164,U0171,2016-03-17
U0164,U0207,2017-06-01
U0164,U0295,2017-04-17
U0165,U0118,2015-03-31
U0166,U0102,2019-12-12
U0166,U0130,2015-10-05
U0166,U0211,2023-03-26
U0166,U0241,2022-10-06
U0167,U0345,2019-10-19
U0167,U0463,2023-10-14
U0168,U0188,2023-09-14
U0168,U0479,2020-05-13
U0168,U0419,2021-11-02
U0168,U0006,2021-11-03
U0168,U0226,2018-11-23
U0168,U0440,2023-06-03
U0168,U0220,2018-07-15
U0168,U0073,2017-10-17
U0169,U0089,2018-02-12
U0170,U0108,2017-08-03
U0170,U0029,2023-03-29
U0170,U0041,2021-07-10
U0170,U0484,2021-03-27
U0170,U0464,2023-08-19
U0170,U0089,2017-11-24
U0171,U0088,2023-11-20
U0171,U0121,2016-06-23
U0171,U0015,2015-07-11
U0171,U0111,2016-06-04
U0171,U0139,2021-01-21
U0171,U0368,2018-04-27
U0171,U0471,2020-02-21
U0171,U0488,2015-10-06
U0172,U0416,2016-10-31
U0172,U0381,2022-06-04
U0172,U0410,2023-12-09
U0172,U0471,2016-06-26
U0172,U0396,2018-04-13
U0172,U0009,2015-08-02
U0172,U0047,2019-03-10
U0172,U0234,2015-08-28
U0172,U0369,2019-12-05
U0172,U0084,2023-02-06
U0173,U0471,2023-03-08
U0173,U0427,2023-09-15
U0173,U0133,2016-02-21
U0173,U0340,2020-05-04
U0173,U0454,2022-03-15
U0173,U0281,2022-02-18
U0173,U0238,2022-10-01
U0174,U0165,2021-09-26
U0174,U0424,2017-01-19
U0174,U0134,2017-12-16
U0174,U0213,2015-07-24
U0174,U0055,2019-05-02
U0174,U0320,2019-01-13
U0174,U0404,2022-03-05
U0174,U0428,2021-01-27
U0175,U0276,2016-09-23
U0175,U0448,2023-11-05
U0175,U0473,2022-08-07
U0175,U0227,2020-04-05
U0176,U0174,2015-09-20
U0176,U0260,2017-01-06
U0176,U0448,2016-09-29
U0177,U0308,2022-09-19
U0177,U0021,2018-11-06
U0177,U0412,2019-04-28
U0177,U0491,2019-06-03
U0177,U0301,2023-07-03
U0177,U0402,2020-12-26
U0178,U0366,2023-04-17
U0178,U0131,2016-08-26
U0178,U0470,2017-10-10
U0178,U0261,2020-06-11
U0178,U0373,2017-10-17
U0179,U0233,2015-11-09
U0179,U0295,2023-11-28
U0179,U0395,2017-02-02
U0179,U0483,2016-02-13
U0180,U0044,2016-05-03
U0180,U0045,2020-12-14
U0180,U0025,2020-02-19
U0181,U0022,2023-05-01
U0181,U0121,2021-11-20
U0181,U0358,2015-07-24
U0181,U0178,2022-07-05
U0181,U0354,2015-10-30
U0181,U0285,2020-02-05
U0181,U0214,2015-07-22
U0181,U0415,2020-06-08
U0181,U0472,2018-04-08
U0182,U0410,2022-01-21
U0183,U0308,2021-08-04
U0183,U0078,2021-12-12
U0183,U0181,2021-12-03
U0183,U0054,2017-10-28
U0184,U0092,2023-07-28
U0184,U0308,2016-03-24
U0184,U0163,2020-07-16
U0184,U0378,2016-02-22
U0184,U0455,2016-12-08
U0184,U0461,2016-12-19
U0185,U0465,2019-05-08
U0185,U0254,2023-05-24
U0185,U0486,2017-11-08
U0186,U0113,2016-10-31
U0186,U0287,2015-03-29
U0186,U0234,2019-01-17
U0186,U0094,2018-03-30
U0187,U0074,2016-12-22
U0187,U0058,2019-03-24
U0187,U0194,2022-08-13
U0188,U0352,2019-04-16
U0188,U0417,2017-02-26
U0188,U0134,2017-03-10
U0188,U0304,2023-04-20
U0188,U0452,2023-04-03
U0188,U0332,2015-01-07
U0189,U0420,2015-03-17
U0189,U0101,2018-06-02
U0189,U0104,2020-08-19
U0189,U0149,2020-10-25
U0189,U0151,2020-08-06
U0189,U0155,2020-09-14
U0189,U0228,2021-09-20
U0189,U0451,2021-07-04
U0189,U0465,2018-09-16
U0191,U0011,2019-03-27
U0191,U0413,2023-08-04
U0191,U0086,2020-09-09
U0191,U0006,2022-09-04
U0191,U0442,2018-12-01
U0191,U0193,2015-10-20
U0191,U0316,2021-11-12
U0191,U0351,2023-08-04
U0192,U0098,2021-12-30
U0192,U0405,2022-11-15
U0192,U0351,2017-01-14
U0192,U0231,2019-06-16
U0192,U0256,2019-10-16
U0192,U0132,2022-02-12
U0193,U0082,2023-04-24
U0193,U0487,2018-07-20
U0193,U0451,2019-08-24
U0193,U0308,2017-08-13
U0194,U0095,2018-07-30
U0194,U0233,2023-11-30
U0194,U0473,2016-11-29
U0194,U0256,2016-10-17
U0194,U0244,2019-01-09
U0195,U0079,2021-10-12
U0195,U0009,2016-07-02
U0195,U0216,2015-04-24
U0195,U0042,2022-05-03
U0195,U0455,2019-02-19
U0195,U0206,2021-06-03
U0195,U0179,2023-02-18
U0195,U0279,2016-10-07
U0195,U0043,2016-09-10
U0195,U0073,2021-08-23
U0196,U0060,2023-08-15
U0196,U0037,2019-08-09
U0196,U0166,2017-06-13
U0196,U0475,2015-06-22
U0196,U0444,2016-09-13
U0197,U0163,2020-03-12
U0197,U0162,2022-06-30
U0197,U0389,2023-01-28
U0197,U0342,2016-09-23
U0197,U0360,2022-03-30
U0197,U0299,2019-08-01
U0197,U0207,2016-12-06
U0197,U0120,2021-12-24
U0197,U0225,2023-02-08
U0197,U0126,2018-04-30
U0198,U0022,2015-11-08
U0198,U0222,2018-10-05
U0198,U0194,2022-06-09
U0199,U0321,2021-03-07
U0199,U0265,2018-10-23
U0199,U0014,2016-02-02
U0199,U0332,2017-03-07
U0199,U0344,2017-04-18
U0200,U0115,2021-01-13
U0200,U0337,2023-07-12
U0201,U0023,2018-01-21
U0202,U0275,2015-12-09
U0202,U0438,2016-12-25
U0202,U0437,2016-09-13
U0202,U0115,2016-01-22
U0202,U0362,2016-12-09
U0202,U0440,2023-10-09
U0202,U0081,2015-11-09
U0202,U0033,2019-03-05
U0202,U0421,2023-05-27
U0202,U0330,2018-04-27
U0203,U0341,2019-11-19
U0203,U0468,2021-02-03
U0203,U0454,2019-09-05
U0203,U0058,2021-01-03
U0203,U0366,2020-08-07
U0203,U0191,2019-07-03
U0203,U0277,2018-05-05
U0203,U0079,2015-02-04
U0203,U0447,2016-03-01
U0204,U0057,2023-05-31
U0204,U0273,2016-07-01
U0204,U0168,2022-07-22
U0204,U0135,2015-01-04
U0204,U0286,2015-06-24
U0204,U0277,2023-11-29
U0204,U0030,2019-05-10
U0204,U0200,2016-12-28
U0204,U0159,2021-05-23
U0204,U0157,2020-08-20
U0205,U0228,2018-09-02
U0205,U0328,2023-09-14
U0205,U0270,2023-04-06
U0205,U0247,2019-05-08
U0205,U0126,2022-02-25
U0205,U0427,2019-07-04
U0205,U0161,2018-02-28
U0205,U0268,2019-06-24
U0206,U0398,2023-02-14
U0206,U0383,2016-06-13
U0206,U0061,2017-06-10
U0206,U0307,2018-04-28
U0206,U0224,2022-05-21
U0207,U0058,2023-01-07
U0207,U0314,2019-11-22
U0207,U0073,2016-08-16
U0208,U0039,2015-03-12
U0208,U0099,2018-06-05
U0208,U0094,2022-09-27
U0209,U0024,2016-10-30
U0209,U0146,2021-11-10
U0210,U0274,2018-02-26
U0210,U0112,2023-03-21
U0210,U0409,2020-06-12
U0210,U0499,2020-09-24
U0210,U0058,2021-05-16
U0211,U0047,2021-11-24
U0211,U0243,2020-01-03
U0212,U0424,2021-08-05
U0212,U0391,2021-11-01
U0212,U0209,2021-08-30
U0213,U0143,2016-03-30
U0213,U0296,2023-04-01
U0213,U0355,2021-02-28
U0213,U0271,2015-03-23
U0213,U0050,2015-08-22
U0213,U0335,2017-06-17
U0213,U0083,2019-11-05
U0213,U0265,2019-09-26
U0213,U0359,2019-08-06
U0213,U0102,2015-03-27
U0214,U0363,2015-01-23
U0214,U0002,2018-11-25
U0214,U0032,2017-03-16
U0215,U0278,2021-02-06
U0215,U0173,2019-06-11
U0215,U0100,2017-02-11
U0216,U0002,2022-01-31
U0216,U0165,2015-07-10
U0217,U0416,2017-08-20
U0217,U0092,2021-03-02
U0217,U0139,2022-12-17
U0217,U0126,2015-01-08
U0217,U0455,2018-12-26
U0217,U0273,2021-03-15
U0218,U0475,2021-11-27
U0218,U0214,2016-12-01
U0218,U0433,2022-05-27
U0219,U0394,2020-02-17
U0219,U0315,2023-06-25
U0219,U0032,2019-11-22
U0219,U0031,2017-09-26
U0219,U0232,2017-07-19
U0219,U0204,2016-12-27
U0219,U0275,2021-03-26
U0219,U0359,2017-04-27
U0219,U0223,2020-08-16
U0219,U0084,2021-11-01
U0220,U0346,2020-06-04
U0220,U0406,2019-07-28
U0220,U0453,2023-05-18
U0220,U0493,2015-12-08
U0220,U0105,2020-09-02
U0220,U0110,2018-10-09
U0220,U0419,2022-02-13
U0221,U0454,2021-01-30
U0221,U0325,2023-05-31
U0222,U0091,2018-06-02
U0222,U0204,2023-09-18
U0222,U0234,2016-03-21
U0222,U0054,2015-01-04
U0222,U0127,2015-11-01
U0222,U0224,2017-02-16
U0222,U0284,2016-09-27
U0223,U0407,2022-07-19
U0223,U0081,2021-01-23
U0223,U0103,2020-09-12
U0223,U0462,2023-03-14
U0223,U0116,2017-07-05
U0223,U0369,2018-12-01
U0223,U0313,2017-02-04
U0223,U0079,2020-03-03
U0223,U0051,2023-04-08
U0224,U0374,2022-11-08
U0224,U0440,2015-03-23
U0224,U0033,2019-07-22
U0224,U0272,2020-05-29
U0224,U0246,2020-07-12
U0224,U0167,2019-04-29
U0224,U0364,2016-01-25
U0224,U0482,2022-04-19
U0224,U0393,2015-06-27
U0224,U0378,2019-09-27
U0225,U0424,2021-01-13
U0225,U0299,2020-11-10
U0225,U0086,2016-02-16
U0225,U0004,2022-05-03
U0225,U0327,2017-12-27
U0225,U0462,2017-10-10
U0226,U0320,2020-03-28
U0226,U0066,2021-10-21
U0227,U0491,2018-12-14
U0227,U0210,2021-08-27
U0227,U0060,2019-09-13
U0227,U0237,2021-07-01
U0227,U0472,2020-12-24
U0227,U0259,2022-03-19
U0227,U0357,2017-10-08
U0227,U0057,2021-01-25
U0228,U0180,2022-07-30
U0228,U0340,2015-03-10
U0228,U0256,2023-01-12
U0228,U0092,2023-03-17
U0228,U0378,2016-09-09
U0229,U0193,2019-04-24
U0229,U0189,2023-07-26
U0229,U0358,2016-11-30
U0229,U0490,2021-11-10
U0229,U0422,2018-12-20
U0229,U0205,2021-06-12
U0229,U0275,2016-01-21
U0230,U0166,2018-06-15
U0230,U0231,2021-12-01
U0230,U0105,2020-09-08
U0231,U0291,2019-11-18
U0231,U0458,2022-01-17
U0231,U0489,2022-02-19
U0231,U0084,2015-02-06
U0231,U0176,2023-07-27
U0231,U0167,2019-12-26
U0231,U0115,2023-04-12
U0231,U0310,2018-05-05
U0231,U0140,2016-07-13
U0231,U0345,2021-06-30
U0232,U0012,2021-08-14
U0232,U0228,2018-06-01
U0232,U0138,2015-09-15
U0232,U0323,2023-07-29
U0232,U0245,2019-11-29
U0232,U0074,2021-06-09
U0232,U0393,2021-12-09
U0232,U0318,2019-06-12
U0232,U0211,2020-06-07
U0232,U0217,2015-03-30
U0233,U0002,2017-11-10
U0233,U0285,2021-04-09
U0233,U0402,2018-12-12
U0233,U0306,2022-09-09
U0233,U0236,2021-12-05
U0233,U0158,2021-05-27
U0233,U0353,2018-03-10
U0233,U0350,2019-07-20
U0233,U0256,2018-02-03
U0234,U0490,2017-03-03
U0234,U0262,2024-01-01
U0235,U0412,2020-02-21
U0235,U0260,2020-10-26
U0235,U0435,2022-01-24
U0235,U0155,2018-11-07
U0235,U0058,2017-04-24
U0235,U0211,2019-06-21
U0235,U0238,2023-03-22
U0235,U0125,2021-07-09
U0235,U0148,2021-01-06
U0235,U0431,2020-12-24
U0236,U0195,2023-09-16
U0236,U0150,2021-07-21
U0237,U0015,2022-03-06
U0237,U0136,2020-10-09
U0237,U0149,2019-06-04
U0237,U0162,2015-02-10
U0237,U0006,2018-08-31
U0237,U0407,2016-12-01
U0237,U0311,2016-04-29
U0237,U0086,2015-05-09
U0237,U0341,2016-11-02
U0238,U0072,2021-03-14
U0238,U0494,2021-10-01
U0238,U0021,2015-09-08
U0238,U0204,2015-03-16
U0238,U0205,2021-02-07
U0238,U0149,2017-01-03
U0239,U0275,2016-03-03
U0239,U0428,2023-08-21
U0239,U0130,2017-06-26
U0239,U0184,2015-01-03
U0239,U0268,2021-03-28
U0240,U0295,2018-06-03
U0240,U0286,2022-06-24
U0240,U0098,2021-01-24
U0240,U0449,2021-03-07
U0240,U0342,2017-08-28
U0240,U0413,2021-12-09
U0240,U0022,2021-09-03
U0240,U0169,2023-04-07
U0240,U0249,2020-04-24
U0241,U0428,2018-11-24
U0241,U0439,2019-08-31
U0241,U0382,2017-08-26
U0241,U0055,2015-03-01
U0241,U0285,2016-09-03
U0242,U0405,2022-08-15
U0242,U0190,2018-11-13
U0242,U0470,2023-01-28
U0242,U0007,2019-05-18
U0242,U0025,2023-07-10
U0242,U0001,2022-08-12
U0242,U0109,2019-07-10
U0242,U0024,2016-02-22
U0243,U0456,2019-01-04
U0243,U0447,2019-05-06
U0243,U0400,2018-04-14
U0243,U0307,2016-02-02
U0243,U0183,2021-04-04
U0243,U0332,2017-12-05
U0243,U0105,2023-08-09
U0243,U0009,2021-05-04
U0243,U0468,2017-02-23
U0243,U0497,2019-12-01
U0244,U0342,2023-07-15
U0244,U0434,2020-05-19
U0244,U0461,2023-02-01
U0244,U0151,2015-03-21
U0244,U0222,2022-05-01
U0244,U0230,2016-04-29
U0244,U0293,2020-12-14
U0244,U0027,2020-04-17
U0244,U0259,2016-10-25
U0245,U0451,2023-05-31
U0245,U0331,2017-04-15
U0245,U0413,2019-10-18
U0245,U0018,2019-03-06
U0245,U0016,2022-09-18
U0245,U0058,2016-05-18
U0245,U0325,2015-07-14
U0246,U0139,2017-10-29
U0246,U0472,2016-06-22
U0246,U0152,2021-09-29
U0246,U0156,2021-09-04
U0247,U0202,2020-06-05
U0248,U0342,2019-06-30
U0248,U0176,2019-03-13
U0248,U0490,2016-11-06
U0248,U0217,2018-05-17
U0248,U0288,2015-06-08
U0249,U0073,2018-11-10
U0249,U0405,2021-11-08
U0249,U0400,2021-09-12
U0249,U0065,2019-11-22
U0249,U0060,2020-05-10
U0249,U0166,2016-07-14
U0249,U0468,2018-07-15
U0250,U0395,2021-10-30
U0250,U0092,2015-02-02
U0250,U0095,2018-09-20
U0250,U0482,2017-08-24
U0250,U0439,2017-06-01
U0250,U0093,2022-02-14
U0250,U0064,2022-04-06
U0251,U0226,2018-06-12
U0251,U0408,2020-05-21
U0251,U0016,2019-05-12
U0251,U0133,2018-05-28
U0251,U0257,2021-01-25
U0252,U0352,2017-07-01
U0252,U0404,2021-09-26
U0252,U0167,2019-11-26
U0252,U0191,2018-08-29
U0252,U0307,2016-11-30
U0253,U0436,2017-08-07
U0253,U0423,2020-12-28
U0254,U0161,2015-12-02
U0254,U0004,2016-07-15
U0254,U0251,2018-03-23
U0254,U0427,2018-09-26
U0255,U0112,2021-09-06
U0255,U0053,2015-08-19
U0255,U0086,2015-01-14
U0255,U0361,2023-04-24
U0255,U0426,2017-10-17
U0255,U0443,2019-06-04
U0256,U0339,2016-01-10
U0256,U0095,2015-10-06
U0256,U0486,2023-01-16
U0257,U0122,2020-07-19
U0257,U0474,2016-10-05
U0257,U0400,2019-10-10
U0257,U0329,2023-08-30
U0257,U0074,2018-01-13
U0257,U0326,2021-01-04
U0257,U0498,2022-03-16
U0257,U0238,2021-02-12
U0258,U0318,2022-12-27
U0258,U0178,2022-07-28
U0258,U0286,2018-08-08
U0258,U0165,2021-03-19
U0259,U0088,2018-11-19
U0259,U0093,2016-07-27
U0259,U0301,2022-12-29
U0259,U0344,2018-07-04
U0259,U0157,2016-02-20
U0259,U0350,2019-07-22
U0260,U0258,2020-06-26
U0260,U0168,2019-02-17
U0261,U0044,2015-07-13
U0261,U0230,2019-01-27
U0261,U0035,2018-06-17
U0261,U0029,2021-09-20
U0261,U0173,2016-01-15
U0261,U0471,2017-11-24
U0261,U0027,2020-01-10
U0261,U0272,2020-02-04
U0261,U0438,2018-06-12
U0261,U0328,2018-01-07
U0262,U0118,2018-05-03
U0262,U0393,2019-12-01
U0262,U0188,2020-12-06
U0262,U0328,2023-03-17
U0262,U0110,2023-05-03
U0262,U0183,2023-03-19
U0262,U0397,2018-04-26
U0262,U0073,2016-04-04
U0263,U0061,2017-03-27
U0263,U0183,2017-11-30
U0263,U0299,2018-03-31
U0263,U0154,2021-10-06
U0263,U0361,2017-04-12
U0263,U0414,2015-05-31
U0263,U0294,2018-09-27
U0263,U0236,2017-08-05
U0264,U0262,2019-09-22
U0264,U0275,2015-12-07
U0264,U0016,2023-10-31
U0264,U0114,2015-10-09
U0264,U0100,2022-09-20
U0264,U0064,2017-04-03
U0264,U0273,2017-09-08
U0264,U0112,2022-03-24
U0265,U0472,2020-12-31
U0265,U0309,2016-12-18
U0265,U0094,2021-03-30
U0265,U0219,2015-10-07
U0265,U0481,2018-12-15
U0265,U0020,2023-11-28
U0265,U0263,2016-12-14
U0265,U0243,2020-05-19
U0265,U0260,2021-02-03
U0266,U0101,2022-09-03
U0266,U0005,2015-09-14
U0266,U0147,2018-07-07
U0266,U0425,2017-01-13
U0266,U0286,2016-05-15
U0266,U0223,2019-12-29
U0266,U0095,2022-10-03
U0266,U0162,2018-06-06
U0267,U0168,2020-05-30
U0267,U0427,2023-10-18
U0267,U0340,2020-09-27
U0267,U0109,2015-07-24
U0267,U0476,2016-02-20
U0267,U0375,2020-09-27
U0267,U0116,2021-05-01
U0268,U0183,2022-09-09
U0268,U0218,2020-05-13
U0269,U0150,2020-07-26
U0269,U0143,2015-12-25
U0269,U0447,2023-03-31
U0269,U0196,2020-05-16
U0270,U0382,2015-09-25
U0270,U0194,2018-06-25
U0270,U0479,2017-07-08
U0270,U0084,2017-05-09
U0270,U0305,2019-06-11
U0270,U0416,2016-07-13
U0270,U0204,2021-08-04
U0270,U0303,2021-10-12
U0271,U0132,2015-08-04
U0271,U0456,2021-11-01
U0271,U0193,2021-08-03
U0271,U0324,2021-06-13
U0271,U0408,2021-07-27
U0271,U0221,2023-11-12
U0271,U0135,2015-04-29
U0271,U0499,2022-09-25
U0271,U0465,2015-06-01
U0271,U0175,2016-04-04
U0272,U0274,2021-09-05
U0273,U0175,2022-09-01
U0273,U0246,2022-12-13
U0273,U0117,2018-10-26
U0273,U0297,2016-11-01
U0273,U0009,2016-01-25
U0273,U0274,2022-11-24
U0273,U0465,2015-12-15
U0273,U0120,2021-01-22
U0273,U0428,2021-08-31
U0274,U0341,2018-04-22
U0274,U0268,2019-05-16
U0274,U0149,2018-02-08
U0274,U0465,2023-04-04
U0274,U0148,2020-10-08
U0274,U0088,2023-09-16
U0274,U0335,2020-10-17
U0275,U0319,2022-07-07
U0275,U0386,2021-11-24
U0275,U0482,2023-02-14
U0275,U0463,2020-02-19
U0275,U0431,2021-07-15
U0276,U0225,2023-09-10
U0276,U0088,2020-07-01
U0276,U0289,2018-09-07
U0276,U0468,2022-02-14
U0276,U0450,2022-12-18
U0276,U0190,2021-05-27
U0277,U0388,2016-03-31
U0277,U0267,2021-08-23
U0277,U0065,2015-07-30
U0277,U0486,2017-01-03
U0277,U0266,2016-08-10
U0277,U0381,2015-10-20
U0278,U0383,2022-06-06
U0278,U0300,2022-01-29
U0278,U0237,2015-10-31
U0278,U0376,2016-07-17
U0278,U0276,2018-05-10
U0278,U0313,2020-12-06
U0278,U0340,2021-01-22
U0278,U0461,2017-02-07
U0279,U0466,2021-07-06
U0279,U0442,2020-12-07
U0279,U0232,2018-05-10
U0279,U0462,2017-12-11
U0279,U0042,2018-09-08
U0279,U0237,2016-02-10
U0279,U0008,2023-11-10
U0279,U0476,2017-12-25
U0279,U0169,2023-11-30
U0279,U0386,2017-04-24
U0280,U0255,2015-12-06
U0280,U0391,2017-01-16
U0280,U0449,2023-02-22
U0280,U0082,2017-06-10
U0280,U0268,2022-02-27
U0280,U0201,2015-05-02
U0280,U0054,2017-05-09
U0281,U0258,2021-06-25
U0281,U0175,2017-10-03
U0281,U0387,2021-11-02
U0281,U0223,2020-07-06
U0281,U0436,2021-01-15
U0281,U0275,2015-11-23
U0281,U0059,2018-01-31
U0281,U0398,2018-10-10
U0281,U0042,2021-06-19
U0282,U0456,2015-04-03
U0283,U0338,2016-03-07
U0283,U0471,2019-12-29
U0283,U0445,2020-03-31
U0283,U0496,2021-06-21
U0283,U0433,2015-07-12
U0283,U0370,2019-02-26
U0283,U0295,2018-07-16
U0283,U0324,2016-08-28
U0283,U0435,2021-04-13
U0283,U0086,2019-10-08
U0284,U0301,2022-01-16
U0284,U0107,2022-05-15
U0284,U0114,2018-07-06
U0284,U0423,2023-05-08
U0284,U0406,2020-08-28
U0284,U0192,2021-01-14
U0284,U0046,2023-06-03
U0285,U0388,2023-02-04
U0286,U0494,2016-06-02
U0286,U0385,2022-07-20
U0286,U0007,2019-06-05
U0286,U0395,2015-03-23
U0286,U0430,2023-05-15
U0286,U0344,2023-05-08
U0286,U0164,2016-05-12
U0286,U0100,2016-05-14
U0287,U0124,2021-06-07
U0287,U0405,2020-04-26
U0287,U0301,2018-06-13
U0287,U0041,2016-07-04
U0287,U0006,2022-04-01
U0287,U0128,2018-07-14
U0287,U0492,2018-12-02
U0287,U0441,2016-05-11
U0287,U0273,2017-09-23
U0288,U0022,2020-12-31
U0288,U0295,2023-12-11
U0288,U0031,2016-02-18
U0288,U0355,2020-08-19
U0288,U0272,2023-01-16
U0288,U0168,2016-05-18
U0288,U0425,2015-06-24
U0289,U0168,2017-05-19
U0289,U0032,2023-01-06
U0289,U0452,2020-03-03
U0289,U0070,2017-04-26
U0289,U0154,2019-06-29
U0290,U0465,2022-10-26
U0290,U0176,2023-12-01
U0291,U0255,2017-06-07
U0291,U0106,2022-09-28
U0291,U0195,2018-11-29
U0291,U0389,2020-09-18
U0291,U0206,2023-01-30
U0291,U0072,2021-09-21
U0291,U0470,2019-07-01
U0291,U0226,2021-05-16
U0291,U0041,2017-10-01
U0292,U0181,2015-09-05
U0292,U0410,2022-11-24
U0292,U0318,2015-01-30
U0293,U0279,2019-10-29
U0293,U0165,2016-01-06
U0293,U0449,2019-02-11
U0293,U0386,2022-02-05
U0293,U0432,2018-04-10
U0293,U0499,2020-01-19
U0294,U0045,2019-04-30
U0294,U0335,2019-03-19
U0294,U0172,2017-09-07
U0294,U0442,2021-07-23
U0295,U0291,2019-04-05
U0295,U0096,2018-04-03
U0295,U0183,2017-10-05
U0295,U0178,2019-05-29
U0295,U0406,2022-08-12
U0295,U0451,2021-11-17
U0295,U0060,2015-06-24
U0295,U0052,2022-05-27
U0296,U0431,2017-09-09
U0296,U0261,2020-04-15
U0296,U0468,2020-06-14
U0297,U0234,2016-10-10
U0297,U0015,2021-02-09
U0297,U0439,2021-09-01
U0298,U0394,2017-10-18
U0298,U0334,2018-04-23
U0298,U0194,2016-12-26
U0298,U0210,2020-11-04
U0298,U0003,2015-12-03
U0298,U0176,2019-03-28
U0298,U0470,2017-11-10
U0299,U0036,2015-11-10
U0299,U0420,2015-05-24
U0299,U0362,2016-03-05
U0299,U0351,2021-12-28
U0299,U0212,2022-10-24
U0300,U0492,2022-02-13
U0300,U0487,2018-05-12
U0300,U0166,2019-08-05
U0300,U0326,2017-12-23
U0300,U0458,2015-06-25
U0300,U0105,2019-03-10
U0300,U0172,2016-05-24
U0300,U0275,2015-06-03
U0301,U0344,2016-07-08
U0301,U0280,2020-07-01
U0301,U0001,2017-05-26
U0302,U0136,2016-08-07
U0303,U0215,2016-02-24
U0303,U0107,2017-12-14
U0303,U0217,2022-02-08
U0303,U0069,2017-11-27
U0303,U0480,2022-08-02
U0303,U0440,2018-01-13
U0303,U0261,2020-01-31
U0303,U0448,2016-04-20
U0304,U0388,2021-06-14
U0304,U0297,2019-08-14
U0304,U0118,2021-06-13
U0304,U0305,2023-12-10
U0304,U0163,2015-07-03
U0304,U0408,2019-09-10
U0304,U0109,2020-07-21
U0304,U0476,2019-07-06
U0304,U0012,2017-12-01
U0305,U0322,2018-02-13
U0305,U0496,2021-11-18
U0305,U0356,2020-09-16
U0305,U0472,2020-02-04
U0305,U0002,2023-08-01
U0305,U0292,2018-01-09
U0305,U0089,2018-08-03
U0305,U0259,2023-06-18
U0305,U0275,2018-12-07
U0305,U0392,2016-04-03
U0306,U0427,2023-05-25
U0306,U0394,2020-02-02
U0306,U0169,2016-07-10
U0306,U0276,2020-07-03
U0307,U0233,2017-03-16
U0307,U0137,2015-03-29
U0308,U0414,2023-06-30
U0308,U0284,2019-04-21
U0308,U0493,2018-01-14
U0308,U0287,2023-09-13
U0308,U0062,2023-01-31
U0308,U0405,2023-08-03
U0308,U0055,2015-05-24
U0309,U0157,2020-08-25
U0309,U0486,2023-07-10
U0309,U0107,2020-11-11
U0309,U0303,2015-09-24
U0310,U0253,2020-09-28
U0310,U0106,2017-06-30
U0310,U0281,2023-03-19
U0310,U0241,2017-08-16
U0310,U0227,2017-05-28
U0310,U0335,2019-07-16
U0310,U0384,2018-03-09
U0310,U0184,2023-07-14
U0310,U0494,2020-04-29
U0311,U0008,2015-02-21
U0311,U0426,2021-12-25
U0311,U0129,2016-04-06
U0311,U0049,2018-11-30
U0311,U0120,2017-03-01
U0311,U0369,2020-09-30
U0311,U0005,2022-02-21
U0311,U0310,2019-09-13
U0312,U0096,2021-02-10
U0313,U0203,2017-12-19
U0313,U0069,2023-10-31
U0313,U0179,2016-11-14
U0314,U0475,2017-12-09
U0315,U0337,2016-11-28
U0315,U0435,2017-08-10
U0316,U0313,2023-02-14
U0316,U0018,2022-04-26
U0317,U0231,2018-02-18
U0317,U0237,2015-09-29
U0317,U0069,2015-03-22
U0317,U0004,2015-08-20
U0317,U0138,2022-12-07
U0317,U0390,2022-09-27
U0318,U0355,2016-10-15
U0318,U0303,2018-01-13
U0318,U0431,2019-03-01
U0318,U0362,2023-10-04
U0318,U0140,2017-09-10
U0318,U0052,2021-03-06
U0318,U0290,2022-03-19
U0318,U0111,2015-11-05
U0319,U0320,2020-05-31
U0320,U0159,2020-03-22
U0320,U0051,2015-04-26
U0320,U0490,2021-08-02
U0320,U0326,2023-03-10
U0320,U0474,2023-04-01
U0320,U0074,2021-04-04
U0320,U0386,2020-04-28
U0320,U0142,2016-09-10
U0320,U0279,2023-05-08
U0320,U0489,2019-05-16
U0321,U0445,2017-01-20
U0321,U0479,2016-12-27
U0321,U0295,2019-03-09
U0321,U0209,2015-11-17
U0321,U0105,2020-07-24
U0322,U0408,2017-12-21
U0322,U0074,2022-10-13
U0322,U0095,2022-03-29
U0322,U0149,2022-07-21
U0322,U0008,2017-05-26
U0323,U0215,2020-12-25
U0323,U0052,2021-12-22
U0323,U0056,2015-07-31
U0324,U0099,2018-06-05
U0325,U0270,2020-04-29
U0325,U0051,2015-02-19
U0325,U0354,2016-09-03
U0325,U0196,2021-02-15
U0325,U0111,2019-06-24
U0325,U0026,2020-01-12
U0326,U0029,2016-09-12
U0326,U0480,2023-09-26
U0326,U0478,2015-05-24
U0327,U0305,2018-10-05
U0328,U0201,2023-02-03
U0328,U0459,2016-07-09
U0328,U0412,2015-10-15
U0328,U0213,2021-05-28
U0329,U0101,2015-02-10
U0329,U0210,2018-10-20
U0329,U0492,2020-03-19
U0329,U0279,2020-05-02
U0329,U0299,2021-10-13
U0329,U0016,2018-07-06
U0330,U0031,2016-01-28
U0331,U0125,2015-04-17
U0331,U0070,2023-12-15
U0331,U0171,2020-03-04
U0331,U0491,2017-06-04
U0331,U0410,2021-11-25
U0331,U0289,2020-03-05
U0331,U0496,2016-01-02
U0331,U0007,2017-02-15
U0332,U0337,2020-01-24
U0333,U0083,2017-04-16
U0333,U0048,2021-01-23
U0333,U0056,2019-04-09
U0334,U0022,2017-01-30
U0334,U0382,2016-05-06
U0334,U0261,2015-04-13
U0334,U0242,2017-11-05
U0334,U0454,2018-07-19
U0334,U0039,2022-12-17
U0334,U0337,2023-09-04
U0334,U0200,2018-02-18
U0334,U0254,2023-05-04
U0334,U0073,2019-07-28
U0335,U0254,2021-05-21
U0335,U0057,2016-11-15
U0336,U0415,2017-09-30
U0336,U0495,2019-07-26
U0336,U0036,2015-08-09
U0336,U0243,2016-08-15
U0336,U0429,2017-07-12
U0336,U0004,2023-07-09
U0336,U0233,2018-05-20
U0336,U0132,2018-04-15
U0336,U0157,2023-10-27
U0337,U0095,2016-01-16
U0337,U0185,2022-04-07
U0337,U0074,2019-06-16
U0338,U0074,2018-11-03
U0339,U0110,2018-01-10
U0339,U0468,2023-06-21
U0339,U0301,2015-12-04
U0340,U0490,2022-06-14
U0340,U0377,2023-03-11
U0340,U0469,2015-03-11
U0341,U0140,2019-03-20
U0341,U0157,2021-12-02
U0341,U0381,2015-04-03
U0341,U0423,2017-05-02
U0341,U0229,2022-07-25
U0341,U0410,2017-01-18
U0341,U0433,2019-09-20
U0341,U0243,2022-03-12
U0341,U0454,2022-01-06
U0341,U0093,2018-12-17
U0342,U0049,2015-11-20
U0342,U0116,2022-04-22
U0342,U0474,2020-03-22
U0342,U0067,2021-10-04
U0342,U0241,2018-05-14
U0342,U0210,2023-01-28
U0343,U0013,2019-01-10
U0343,U0498,2021-07-21
U0343,U0348,2021-01-21
U0343,U0069,2018-12-07
U0343,U0139,2016-04-03
U0343,U0487,2019-04-15
U0343,U0177,2015-06-01
U0343,U0425,2016-06-22
U0343,U0356,2016-03-09
U0344,U0295,2016-03-28
U0344,U0342,2018-08-02
U0345,U0298,2019-07-16
U0345,U0474,2023-06-30
U0345,U0432,2022-11-19
U0345,U0047,2018-03-15
U0345,U0088,2023-03-20
U0345,U0414,2021-10-20
U0345,U0221,2023-12-31
U0345,U0277,2021-01-03
U0345,U0452,2019-08-22
U0346,U0246,2020-10-05
U0346,U0285,2022-07-25
U0346,U0407,2019-09-22
U0346,U0451,2016-06-03
U0347,U0238,2015-02-09
U0347,U0195,2020-08-10
U0347,U0031,2020-11-22
U0347,U0466,2018-01-07
U0348,U0234,2017-08-03
U0348,U0133,2019-12-01
U0348,U0013,2022-05-16
U0348,U0262,2021-04-02
U0348,U0385,2015-12-29
U0349,U0057,2019-11-26
U0349,U0293,2018-05-16
U0349,U0017,2015-06-28
U0349,U0252,2015-07-26
U0349,U0150,2019-07-12
U0349,U0318,2021-05-28
U0349,U0435,2023-04-07
U0349,U0291,2023-02-22
U0349,U0067,2023-07-27
U0349,U0044,2020-12-07
U0350,U0202,2022-01-05
U0350,U0312,2016-06-07
U0350,U0494,2017-03-19
U0350,U0375,2023-10-23
U0351,U0118,2018-01-12
U0351,U0143,2020-01-14
U0351,U0277,2015-06-10
U0351,U0138,2020-08-27
U0351,U0262,2016-10-08
U0351,U0224,2016-04-25
U0352,U0294,2018-07-28
U0352,U0496,2018-01-28
U0352,U0271,2019-11-04
U0352,U0211,2017-02-06
U0353,U0367,2016-11-19
U0353,U0440,2015-09-28
U0353,U0005,2016-11-12
U0354,U0382,2023-04-30
U0354,U0374,2016-08-30
U0354,U0252,2015-03-01
U0354,U0352,2019-01-11
U0355,U0001,2015-09-07
U0355,U0451,2015-03-26
U0355,U0107,2015-03-16
U0355,U0391,2021-02-24
U0355,U0112,2020-10-26
U0355,U0002,2019-03-24
U0356,U0408,2019-07-10
U0356,U0150,2020-02-01
U0356,U0382,2017-09-07
U0356,U0367,2021-08-28
U0357,U0314,2015-01-14
U0357,U0003,2020-10-15
U0358,U0293,2023-12-14
U0358,U0395,2015-01-11
U0358,U0400,2015-04-05
U0358,U0291,2021-07-02
U0358,U0047,2016-01-14
U0358,U0063,2019-04-24
U0358,U0130,2021-05-14
U0358,U0061,2023-06-12
U0358,U0208,2023-04-25
U0359,U0422,2022-09-08
U0359,U0121,2020-07-18
U0359,U0072,2017-04-05
U0360,U0381,2023-02-24
U0360,U0427,2020-02-27
U0360,U0298,2023-04-20
U0360,U0345,2023-01-13
U0360,U0273,2021-12-05
U0360,U0485,2015-07-03
U0360,U0397,2019-05-10
U0360,U0296,2015-02-06
U0361,U0409,2021-02-21
U0361,U0377,2019-10-08
U0361,U0173,2020-05-20
U0361,U0154,2017-11-22
U0361,U0279,2019-05-11
U0361,U0433,2017-09-30
U0361,U0488,2015-06-16
U0361,U0043,2015-07-27
U0361,U0484,2015-04-05
U0362,U0419,2016-05-01
U0362,U0432,2016-02-01
U0362,U0499,2023-02-09
U0362,U0302,2017-09-27
U0362,U0264,2019-12-31
U0362,U0142,2015-12-04
U0362,U0351,2016-01-29
U0362,U0113,2020-11-13
U0362,U0128,2015-12-15
U0362,U0223,2018-07-27
U0363,U0340,2021-03-24
U0363,U0310,2022-03-30
U0364,U0356,2021-06-06
U0364,U0133,2018-06-19
U0364,U0169,2016-09-06
U0364,U0257,2015-03-16
U0364,U0073,2017-02-13
U0364,U0390,2022-02-17
U0365,U0414,2019-01-26
U0365,U0436,2017-04-13
U0365,U0341,2018-08-19
U0365,U0007,2023-07-21
U0365,U0036,2017-09-06
U0366,U0212,2019-03-17
U0366,U0211,2021-06-12
U0366,U0016,2021-10-23
U0366,U0229,2021-09-12
U0366,U0165,2017-10-22
U0367,U0298,2019-07-15
U0367,U0457,2019-11-05
U0367,U0361,2019-12-14
U0367,U0140,2016-08-30
U0367,U0443,2023-01-12
U0368,U0049,2015-08-28
U0369,U0071,2023-08-20
U0369,U0137,2021-01-17
U0369,U0453,2016-01-11
U0369,U0330,2022-09-21
U0369,U0371,2020-09-07
U0369,U0009,2016-09-15
U0369,U0416,2016-07-18
U0369,U0072,2022-04-27
U0369,U0362,2017-06-30
U0370,U0229,2019-05-21
U0370,U0306,2016-07-30
U0370,U0474,2015-05-18
U0370,U0394,2020-12-14
U0370,U0148,2018-11-20
U0370,U0497,2020-08-13
U0370,U0001,2015-10-14
U0370,U0494,2020-07-28
U0371,U0353,2017-07-20
U0371,U0167,2023-11-09
U0371,U0465,2019-01-08
U0371,U0070,2022-02-22
U0371,U0240,2017-02-28
U0372,U0160,2015-03-13
U0372,U0082,2015-02-04
U0372,U0488,2018-04-21
U0372,U0478,2015-12-24
U0372,U0114,2016-10-15
U0372,U0177,2021-12-13
U0372,U0233,2016-01-23
U0373,U0488,2019-09-11
U0373,U0072,2015-10-12
U0373,U0283,2022-01-17
U0373,U0360,2016-12-24
U0373,U0170,2023-10-26
U0373,U0055,2022-01-30
U0373,U0282,2018-09-02
U0373,U0060,2018-11-18
U0373,U0352,2021-05-01
U0374,U0147,2022-06-19
U0375,U0059,2017-06-16
U0375,U0454,2015-08-15
U0375,U0017,2017-12-19
U0375,U0032,2019-10-13
U0375,U0238,2019-07-31
U0375,U0309,2015-04-07
U0375,U0089,2015-08-09
U0376,U0066,2017-09-19
U0376,U0288,2020-11-09
U0377,U0235,2016-01-03
U0377,U0045,2023-02-11
U0377,U0016,2023-05-13
U0378,U0103,2021-05-14
U0378,U0464,2023-03-30
U0378,U0066,2022-01-12
U0379,U0036,2017-12-19
U0379,U0180,2020-12-20
U0379,U0046,2023-01-08
U0379,U0065,2019-03-13
U0379,U0016,2015-02-17
U0379,U0336,2020-07-31
U0379,U0465,2023-04-01
U0380,U0223,2023-03-12
U0380,U0386,2023-06-16
U0380,U0167,2017-11-25
U0380,U0115,2018-07-02
U0380,U0491,2019-04-13
U0380,U0419,2023-02-19
U0380,U0397,2015-07-08
U0381,U0336,2019-09-13
U0381,U0091,2017-06-15
U0381,U0459,2022-02-09
U0381,U0074,2018-05-13
U0381,U0226,2019-04-18
U0382,U0055,2021-12-22
U0383,U0171,2015-01-29
U0383,U0122,2019-02-07
U0384,U0369,2020-07-07
U0384,U0381,2016-09-01
U0384,U0410,2017-11-28
U0384,U0321,2017-08-20
U0384,U0105,2018-12-03
U0384,U0495,2021-04-05
U0384,U0375,2019-09-24
U0384,U0159,2015-12-07
U0385,U0210,2023-05-28
U0385,U0274,2022-08-14
U0385,U0087,2016-05-31
U0385,U0084,2020-02-23
U0385,U0483,2022-06-29
U0385,U0163,2017-01-20
U0385,U0389,2019-06-03
U0385,U0052,2020-01-30
U0386,U0261,2019-05-25
U0387,U0361,2023-10-13
U0387,U0416,2019-06-28
U0387,U0199,2016-09-17
U0387,U0480,2016-06-16
U0387,U0180,2018-02-04
U0387,U0479,2015-11-10
U0387,U0358,2021-12-20
U0388,U0454,2018-01-09
U0388,U0210,2023-11-11
U0388,U0438,2021-12-29
U0388,U0280,2018-04-16
U0388,U0227,2020-04-22
U0388,U0262,2020-03-28
U0388,U0440,2015-11-26
U0388,U0434,2022-06-06
U0389,U0297,2017-04-30
U0389,U0031,2019-01-21
U0389,U0328,2015-03-03
U0390,U0212,2016-03-21
U0391,U0156,2018-07-06
U0391,U0257,2018-01-18
U0391,U0290,2017-05-08
U0391,U0248,2018-06-13
U0391,U0155,2015-08-08
U0391,U0500,2018-06-12
U0391,U0075,2023-02-21
U0391,U0065,2019-09-14
U0391,U0121,2023-04-15
U0392,U0281,2023-11-13
U0392,U0079,2022-02-22
U0392,U0487,2019-11-08
U0392,U0057,2017-11-01
U0392,U0078,2021-10-12
U0392,U0045,2023-04-12
U0392,U0173,2023-06-04
U0393,U0084,2015-03-12
U0393,U0183,2019-06-26
U0393,U0132,2022-05-27
U0393,U0295,2022-10-01
U0393,U0404,2018-02-06
U0393,U0089,2023-12-26
U0394,U0330,2016-02-19
U0394,U0421,2022-07-09
U0394,U0046,2022-12-19
U0394,U0393,2021-11-13
U0394,U0064,2020-07-12
U0395,U0280,2016-08-24
U0395,U0282,2020-03-13
U0395,U0042,2017-10-17
U0395,U0272,2015-01-11
U0396,U0120,2018-03-23
U0396,U0158,2020-08-11
U0396,U0116,2020-08-21
U0396,U0173,2017-01-02
U0396,U0347,2023-02-13
U0396,U0301,2015-09-23
U0396,U0405,2020-12-03
U0397,U0142,2023-09-06
U0397,U0301,2015-03-16
U0397,U0412,2018-11-23
U0397,U0215,2016-02-07
U0397,U0275,2016-02-17
U0397,U0012,2015-06-29
U0397,U0208,2017-01-14
U0397,U0133,2016-01-09
U0397,U0445,2016-10-21
U0398,U0160,2023-12-30
U0398,U0101,2023-02-22
U0398,U0337,2017-02-02
U0398,U0384,2017-10-09
U0398,U0143,2015-05-01
U0398,U0043,2016-04-30
U0399,U0027,2015-01-18
U0399,U0160,2017-09-08
U0399,U0313,2020-07-27
U0399,U0381,2016-08-05
U0399,U0488,2016-02-16
U0399,U0271,2023-01-01
U0399,U0218,2023-03-10
U0400,U0198,2020-01-04
U0400,U0028,2021-03-05
U0400,U0030,2021-08-22
U0400,U0104,2021-12-26
U0400,U0084,2021-10-11
U0400,U0032,2015-07-22
U0400,U0054,2015-11-25
U0400,U0305,2016-01-02
U0401,U0017,2020-04-28
U0401,U0482,2016-04-23
U0401,U0007,2017-09-12
U0401,U0108,2016-03-14
U0401,U0153,2023-05-31
U0402,U0383,2019-08-27
U0402,U0051,2015-07-06
U0402,U0302,2023-10-03
U0402,U0423,2023-05-27
U0402,U0239,2016-03-05
U0402,U0391,2022-01-25
U0402,U0334,2023-07-01
U0402,U0285,2019-05-09
U0403,U0390,2022-09-01
U0403,U0483,2023-01-08
U0403,U0182,2021-12-01
U0404,U0370,2020-09-09
U0405,U0051,2022-02-18
U0405,U0298,2020-03-26
U0405,U0332,2020-11-15
U0405,U0146,2018-09-08
U0405,U0434,2019-02-02
U0406,U0322,2016-05-08
U0407,U0106,2019-11-28
U0407,U0492,2018-10-27
U0408,U0173,2016-05-03
U0408,U0272,2015-04-03
U0408,U0085,2020-04-19
U0408,U0362,2016-11-12
U0409,U0271,2016-07-17
U0409,U0347,2023-09-28
U0409,U0446,2020-03-31
U0409,U0430,2021-09-18
U0409,U0228,2023-07-12
U0409,U0268,2015-08-19
U0409,U0382,2023-01-07
U0409,U0002,2017-07-17
U0409,U0242,2020-03-31
U0410,U0486,2016-03-09
U0410,U0213,2019-10-14
U0411,U0283,2022-09-28
U0412,U0057,2022-08-04
U0412,U0399,2021-09-06
U0412,U0316,2023-07-03
U0412,U0241,2021-08-05
U0412,U0429,2022-02-08
U0412,U0080,2019-04-23
U0412,U0067,2017-10-26
U0412,U0459,2020-05-24
U0412,U0104,2020-07-01
U0413,U0275,2020-06-10
U0413,U0102,2018-10-19
U0414,U0021,2021-04-11
U0414,U0230,2016-03-10
U0414,U0451,2015-01-29
U0414,U0215,2017-01-15
U0415,U0281,2021-02-26
U0415,U0008,2019-02-09
U0415,U0345,2023-10-18
U0415,U0371,2018-12-12
U0415,U0367,2020-03-21
U0416,U0017,2023-12-15
U0416,U0008,2023-08-12
U0416,U0087,2016-07-06
U0416,U0334,2017-05-23
U0416,U0132,2019-06-07
U0416,U0343,2017-02-01
U0416,U0446,2016-10-26
U0416,U0151,2016-05-12
U0416,U0100,2019-05-20
U0417,U0020,2020-02-11
U0417,U0405,2017-11-29
U0417,U0197,2019-06-20
U0417,U0309,2022-06-22
U0417,U0343,2020-04-17
U0417,U0391,2015-03-23
U0417,U0196,2019-05-13
U0417,U0283,2023-12-25
U0417,U0181,2019-12-18
U0417,U0435,2022-08-26
U0418,U0034,2021-06-25
U0418,U0224,2019-02-02
U0418,U0318,2022-10-25
U0418,U0354,2023-05-25
U0418,U0061,2016-08-04
U0418,U0126,2016-01-02
U0419,U0029,2018-05-06
U0419,U0377,2016-08-17
U0419,U0060,2019-05-10
U0419,U0431,2015-10-25
U0419,U0209,2015-01-19
U0419,U0460,2020-05-21
U0420,U0112,2017-03-20
U0421,U0024,2023-08-07
U0421,U0483,2017-11-22
U0421,U0490,2023-10-08
U0421,U0417,2016-10-03
U0421,U0333,2018-03-01
U0421,U0268,2017-05-17
U0422,U0318,2017-06-28
U0422,U0276,2021-06-25
U0423,U0148,2018-04-14
U0423,U0278,2020-08-23
U0423,U0439,2015-09-28
U0424,U0013,2016-03-14
U0424,U0006,2023-04-14
U0424,U0155,2019-10-08
U0424,U0469,2021-09-26
U0425,U0417,2018-07-19
U0425,U0008,2017-07-25
U0426,U0076,2016-02-18
U0427,U0468,2023-07-25
U0427,U0037,2023-01-04
U0427,U0194,2021-03-03
U0427,U0244,2019-05-09
U0427,U0369,2022-10-31
U0427,U0187,2018-04-06
U0428,U0366,2021-11-21
U0428,U0407,2018-09-13
U0428,U0126,2017-08-11
U0428,U0119,2018-06-23
U0428,U0342,2021-03-02
U0428,U0446,2016-01-07
U0428,U0481,2016-01-18
U0429,U0167,2015-03-11
U0430,U0452,2018-02-05
U0430,U0390,2020-08-04
U0431,U0133,2021-07-25
U0431,U0394,2023-10-30
U0431,U0080,2019-10-05
U0431,U0252,2016-05-15
U0431,U0259,2018-08-03
U0431,U0420,2020-04-19
U0431,U0414,2017-10-07
U0432,U0173,2023-08-22
U0432,U0165,2015-11-09
U0432,U0382,2020-01-14
U0432,U0392,2020-07-11
U0432,U0470,2018-09-11
U0432,U0444,2016-02-08
U0432,U0057,2016-07-02
U0432,U0071,2017-08-17
U0432,U0280,2021-08-22
U0433,U0392,2019-01-23
U0433,U0289,2017-11-29
U0433,U0255,2016-09-25
U0433,U0260,2019-03-22
U0433,U0051,2022-03-04
U0433,U0175,2015-07-06
U0434,U0237,2019-11-18
U0434,U0083,2023-07-04
U0434,U0117,2023-04-12
U0434,U0376,2019-02-23
U0434,U0197,2023-08-27
U0434,U0010,2018-02-21
U0434,U0079,2019-09-28
U0434,U0152,2023-09-02
U0434,U0403,2020-03-09
U0434,U0150,2020-04-03
U0435,U0019,2019-12-14
U0435,U0184,2016-02-21
U0435,U0034,2015-04-22
U0436,U0105,2017-12-15
U0436,U0032,2023-06-19
U0436,U0424,2022-04-25
U0436,U0257,2020-05-22
U0436,U0238,2020-12-17
U0436,U0063,2022-03-11
U0436,U0186,2023-06-10
U0436,U0197,2017-07-30
U0437,U0341,2017-07-23
U0437,U0371,2020-12-11
U0437,U0032,2015-03-07
U0437,U0111,2023-09-15
U0437,U0051,2017-01-30
U0437,U0250,2019-12-17
U0437,U0163,2018-04-29
U0437,U0158,2015-10-26
U0438,U0258,2022-07-14
U0438,U0434,2017-01-11
U0438,U0167,2019-04-20
U0438,U0362,2015-07-24
U0438,U0236,2016-10-25
U0439,U0089,2020-01-21
U0439,U0171,2017-01-31
U0439,U0133,2021-03-23
U0439,U0395,2020-10-15
U0439,U0385,2018-05-14
U0439,U0202,2015-07-07
U0439,U0351,2020-01-12
U0439,U0271,2019-09-03
U0439,U0207,2019-10-22
U0439,U0076,2017-10-23
U0440,U0006,2019-03-26
U0440,U0229,2022-08-30
U0440,U0335,2017-04-27
U0441,U0245,2022-12-03
U0441,U0486,2017-04-25
U0441,U0035,2018-10-17
U0442,U0373,2019-07-01
U0442,U0281,2020-05-03
U0442,U0497,2019-09-07
U0442,U0473,2022-10-03
U0443,U0184,2017-06-11
U0443,U0310,2020-12-06
U0443,U0065,2019-11-02
U0444,U0428,2023-12-10
U0444,U0244,2017-12-14
U0444,U0311,2020-10-18
U0444,U0027,2020-11-13
U0444,U0209,2019-05-31
U0444,U0460,2021-08-19
U0444,U0344,2022-08-14
U0444,U0356,2017-08-15
U0444,U0016,2016-12-23
U0445,U0356,2018-10-02
U0446,U0399,2015-04-15
U0446,U0121,2022-09-16
U0446,U0133,2020-11-19
U0446,U0004,2021-10-09
U0446,U0178,2023-08-29
U0446,U0404,2016-08-16
U0447,U0103,2021-09-07
U0447,U0296,2020-01-15
U0447,U0215,2019-10-24
U0447,U0381,2017-11-20
U0447,U0043,2023-09-16
U0447,U0491,2015-02-06
U0447,U0465,2018-07-11
U0447,U0168,2017-02-24
U0448,U0211,2021-09-04
U0448,U0231,2020-03-12
U0448,U0030,2020-08-09
U0448,U0378,2022-12-20
U0448,U0243,2018-10-20
U0448,U0257,2018-11-11
U0449,U0082,2022-11-25
U0449,U0224,2015-04-24
U0449,U0436,2017-09-15
U0449,U0040,2023-10-06
U0449,U0301,2020-11-28
U0450,U0076,2019-07-07
U0450,U0433,2023-05-29
U0450,U0093,2016-06-17
U0450,U0245,2020-02-09
U0450,U0108,2023-03-04
U0451,U0093,2016-12-19
U0451,U0031,2022-03-20
U0451,U0362,2016-08-26
U0451,U0091,2020-05-28
U0452,U0055,2015-11-04
U0452,U0390,2020-03-18
U0453,U0334,2020-07-07
U0453,U0456,2016-03-12
U0453,U0251,2019-09-29
U0453,U0219,2016-11-04
U0453,U0311,2015-08-23
U0453,U0062,2023-09-28
U0454,U0081,2016-04-12
U0454,U0316,2018-03-29
U0454,U0453,2018-01-03
U0454,U0279,2021-03-12
U0454,U0191,2019-07-14
U0455,U0284,2021-06-27
U0455,U0120,2015-02-02
U0455,U0017,2017-04-29
U0455,U0192,2021-07-22
U0455,U0090,2017-01-03
U0455,U0483,2017-02-05
U0455,U0054,2015-05-02
U0455,U0428,2017-01-08
U0455,U0218,2023-05-18
U0455,U0491,2019-08-20
U0456,U0407,2020-07-22
U0456,U0008,2015-11-14
U0456,U0049,2015-09-06
U0456,U0457,2019-09-26
U0456,U0137,2021-02-15
U0456,U0095,2015-04-14
U0456,U0348,2015-10-20
U0456,U0204,2020-01-20
U0456,U0138,2020-03-17
U0457,U0473,2017-06-03
U0458,U0205,2017-03-05
U0458,U0475,2019-12-31
U0459,U0455,2018-11-03
U0460,U0483,2015-05-15
U0461,U0299,2020-02-23
U0461,U0102,2017-01-21
U0461,U0107,2017-11-05
U0461,U0095,2018-02-19
U0461,U0212,2019-03-24
U0462,U0115,2019-12-22
U0462,U0437,2019-11-10
U0462,U0058,2017-09-16
U0462,U0442,2021-03-24
U0462,U0414,2015-01-22
U0462,U0226,2021-01-20
U0462,U0082,2017-06-29
U0462,U0289,2021-04-24
U0462,U0143,2015-05-14
U0462,U0401,2023-04-25
U0463,U0388,2018-12-03
U0463,U0477,2021-11-27
U0463,U0134,2023-03-04
U0463,U0032,2021-11-14
U0463,U0081,2021-03-02
U0463,U0452,2018-08-24
U0464,U0358,2017-06-15
U0464,U0310,2023-04-12
U0465,U0116,2015-12-23
U0465,U0066,2016-10-17
U0465,U0237,2021-06-03
U0465,U0359,2016-04-27
U0465,U0081,2019-05-07
U0465,U0389,2017-06-29
U0465,U0253,2018-11-26
U0465,U0093,2022-04-25
U0465,U0277,2015-07-15
U0465,U0441,2018-05-07
U0466,U0419,2022-03-30
U0466,U0220,2018-09-18
U0466,U0031,2016-12-04
U0466,U0065,2020-02-02
U0466,U0426,2016-11-11
U0466,U0221,2021-03-14
U0466,U0368,2022-03-24
U0466,U0215,2018-05-29
U0466,U0232,2018-12-28
U0466,U0203,2017-04-21
U0467,U0251,2015-01-03
U0467,U0136,2020-09-02
U0467,U0320,2021-02-14
U0467,U0384,2019-11-17
U0467,U0321,2018-05-19
U0467,U0301,2015-01-12
U0467,U0192,2019-09-11
U0467,U0012,2023-05-23
U0467,U0232,2020-07-21
U0467,U0371,2019-01-28
U0468,U0434,2022-06-17
U0468,U0446,2023-01-07
U0468,U0012,2016-02-28
U0468,U0087,2021-05-03
U0468,U0023,2016-12-04
U0468,U0280,2021-09-03
U0468,U0006,2015-07-10
U0469,U0096,2019-03-02
U0469,U0396,2023-09-17
U0469,U0040,2018-05-10
U0470,U0318,2021-01-29
U0470,U0017,2021-06-02
U0470,U0144,2015-05-22
U0470,U0133,2021-07-23
U0471,U0089,2017-02-27
U0471,U0461,2017-10-09
U0471,U0081,2017-04-24
U0471,U0179,2016-12-10
U0472,U0492,2016-11-18
U0473,U0184,2019-03-13
U0473,U0035,2022-04-24
U0473,U0021,2018-09-19
U0473,U0079,2018-11-10
U0474,U0059,2021-12-07
U0475,U0173,2023-01-19
U0475,U0146,2022-08-29
U0475,U0169,2015-05-17
U0475,U0408,2017-07-14
U0476,U0298,2022-10-18
U0476,U0259,2023-10-14
U0476,U0417,2017-05-02
U0476,U0284,2021-12-30
U0476,U0414,2017-03-04
U0476,U0287,2023-06-20
U0476,U0146,2023-09-13
U0477,U0099,2017-10-05
U0477,U0449,2019-06-03
U0477,U0084,2016-10-30
U0477,U0151,2021-08-22
U0478,U0068,2023-05-17
U0478,U0004,2023-04-21
U0478,U0416,2021-01-14
U0478,U0276,2022-03-27
U0478,U0014,2017-08-02
U0478,U0178,2016-05-16
U0478,U0289,2016-06-01
U0479,U0386,2021-07-02
U0479,U0139,2015-08-24
U0479,U0047,2019-12-25
U0479,U0451,2023-10-01
U0480,U0385,2021-11-10
U0480,U0307,2021-09-28
U0480,U0202,2021-11-23
U0480,U0161,2016-07-02
U0480,U0465,2015-08-20
U0480,U0448,2016-04-27
U0481,U0125,2019-07-03
U0481,U0497,2017-03-22
U0481,U0255,2015-11-05
U0482,U0236,2015-03-02
U0482,U0159,2019-04-22
U0482,U0302,2017-01-16
U0482,U0191,2021-09-04
U0482,U0143,2023-09-09
U0482,U0082,2018-01-03
U0482,U0034,2022-03-10
U0482,U0465,2016-01-16
U0483,U0105,2019-06-09
U0483,U0462,2020-01-03
U0483,U0230,2015-11-08
U0483,U0176,2022-11-19
U0483,U0319,2017-07-27
U0483,U0408,2016-02-14
U0483,U0051,2020-05-26
U0483,U0301,2019-03-06
U0483,U0068,2017-08-08
U0483,U0093,2023-02-07
U0484,U0066,2018-07-28
U0484,U0485,2016-09-11
U0484,U0217,2022-06-28
U0484,U0438,2020-09-14
U0484,U0488,2022-01-22
U0484,U0243,2019-06-21
U0485,U0197,2022-11-12
U0485,U0053,2015-04-15
U0485,U0460,2021-12-17
U0485,U0464,2019-10-10
U0485,U0073,2016-05-08
U0486,U0415,2022-05-26
U0486,U0393,2023-04-27
U0486,U0118,2020-12-23
U0486,U0014,2018-01-05
U0486,U0003,2018-07-15
U0486,U0293,2016-07-16
U0486,U0304,2018-01-12
U0486,U0082,2015-09-08
U0487,U0086,2018-12-20
U0487,U0362,2022-10-01
U0487,U0055,2017-08-01
U0487,U0033,2018-09-21
U0488,U0006,2023-08-28
U0488,U0163,2016-07-25
U0488,U0049,2016-02-16
U0488,U0139,2021-07-11
U0488,U0108,2022-03-05
U0488,U0369,2016-03-06
U0489,U0122,2019-12-14
U0489,U0342,2020-06-10
U0489,U0431,2021-08-18
U0489,U0026,2020-03-03
U0489,U0265,2022-02-25
U0490,U0134,2016-06-03
U0490,U0239,2019-03-14
U0490,U0310,2022-10-07
U0491,U0441,2020-08-17
U0491,U0068,2021-02-11
U0491,U0079,2017-08-25
U0491,U0499,2022-12-10
U0491,U0048,2017-11-07
U0492,U0359,2017-01-08
U0492,U0478,2023-04-03
U0492,U0277,2015-01-31
U0492,U0406,2018-05-24
U0492,U0057,2023-08-27
U0492,U0303,2021-02-01
U0493,U0253,2017-05-05
U0493,U0022,2017-08-18
U0493,U0221,2023-06-30
U0493,U0325,2016-11-27
U0493,U0196,2021-08-09
U0493,U0425,2021-08-11
U0493,U0295,2021-04-05
U0493,U0102,2019-10-28
U0494,U0049,2016-11-10
U0494,U0184,2018-10-25
U0494,U0447,2020-03-28
U0494,U0317,2023-01-13
U0494,U0483,2021-02-01
U0494,U0030,2022-06-18
U0495,U0492,2020-10-29
U0495,U0222,2018-09-28
U0495,U0141,2022-02-20
U0495,U0030,2020-08-24
U0495,U0453,2023-10-23
U0496,U0377,2021-01-26
U0496,U0270,2016-12-04
U0496,U0272,2023-09-09
U0496,U0099,2018-08-06
U0496,U0425,2022-11-05
U0496,U0379,2019-11-26
U0497,U0070,2019-06-18
U0497,U0208,2020-05-29
U0497,U0404,2016-05-28
U0497,U0089,2022-05-21
U0497,U0010,2021-07-22
U0497,U0379,2023-09-26
U0497,U0261,2016-11-20
U0497,U0137,2019-01-24
U0498,U0474,2018-07-30
U0498,U0111,2023-04-08
U0498,U0442,2019-03-09
U0498,U0400,2015-11-25
U0498,U0327,2023-10-24
U0499,U0201,2016-03-11
U0499,U0087,2020-12-24
U0499,U0285,2017-01-21
U0499,U0082,2018-12-15
U0499,U0089,2023-03-07
U0499,U0094,2023-12-04
U0499,U0446,2022-06-11
U0499,U0180,2022-02-16
U0499,U0005,2019-07-20
U0499,U0387,2016-11-19
U0500,U0229,2021-08-09
U0500,U0089,2023-07-12
U0500,U0283,2017-10-28
U0500,U0211,2017-01-08
U0500,U0097,2022-03-31
