usuarioId,tipoCocinaId,nivelInteres
U0001,TC002,1
U0001,TC011,1
U0001,TC012,3
U0002,TC001,5
U0003,TC010,3
U0004,TC013,4
U0004,TC005,2
U0004,TC012,2
U0004,TC003,1
U0004,TC015,1
U0005,TC007,4
U0005,TC001,2
U0006,TC004,1
U0006,TC006,2
U0007,TC004,3
U0007,TC001,2
U0007,TC012,3
U0007,TC015,2
U0007,TC011,4
U0008,TC013,1
U0008,TC004,4
U0008,TC010,5
U0009,TC014,1
U0009,TC009,5
U0010,TC014,4
U0011,TC004,5
U0011,TC002,4
U0011,TC007,5
U0011,TC013,4
U0012,TC001,1
U0012,TC004,3
U0012,TC014,3
U0013,TC015,1
U0013,TC005,4
U0013,TC002,1
U0014,TC007,1
U0014,TC005,1
U0014,TC010,5
U0014,TC008,3
U0015,TC013,5
U0015,TC012,1
U0015,TC006,1
U0016,TC012,4
U0016,TC011,4
U0016,TC002,3
U0017,TC010,2
U0017,TC007,5
U0018,TC010,2
U0019,TC002,1
U0019,TC015,3
U0019,TC006,1
U0020,TC013,1
U0020,TC007,2
U0020,TC010,1
U0020,TC015,3
U0020,TC014,2
U0021,TC006,2
U0021,TC003,2
U0021,TC012,2
U0022,TC015,2
U0022,TC001,4
U0022,TC006,4
U0022,TC009,3
U0022,TC012,2
U0023,TC015,1
U0023,TC005,3
U0023,TC012,4
U0024,TC003,2
U0024,TC006,5
U0024,TC012,3
U0024,TC011,1
U0025,TC002,1
U0026,TC013,3
U0026,TC003,5
U0026,TC006,4
U0027,TC008,5
U0027,TC015,5
U0028,TC003,4
U0028,TC007,3
U0028,TC001,5
U0028,TC004,5
U0028,TC002,1
U0029,TC001,3
U0029,TC005,5
U0030,TC001,1
U0030,TC012,5
U0030,TC013,4
U0030,TC010,1
U0030,TC008,3
U0031,TC003,2
U0031,TC010,3
U0032,TC012,3
U0032,TC013,5
U0032,TC005,2
U0033,TC006,3
U0034,TC007,5
U0034,TC008,5
U0034,TC006,1
U0034,TC014,1
U0034,TC012,2
U0035,TC010,1
U0035,TC013,3
U0035,TC009,3
U0035,TC004,4
U0036,TC003,1
U0036,TC008,1
U0036,TC005,4
U0036,TC006,1
U0037,TC010,4
U0037,TC014,1
U0037,TC006,1
U0037,TC009,3
U0037,TC015,2
U0038,TC002,2
U0038,TC013,2
U0039,TC012,1
U0039,TC009,1
U0039,TC010,5
U0039,TC007,2
U0040,TC008,1
U0040,TC007,2
U0040,TC011,5
U0041,TC015,1
U0041,TC009,4
U0041,TC010,3
U0041,TC013,4
U0041,TC004,1
U0042,TC012,2
U0043,TC010,5
U0043,TC013,2
U0043,TC011,4
U0043,TC008,1
U0043,TC015,3
U0044,TC015,2
U0044,TC001,5
U0044,TC013,4
U0044,TC004,5
U0045,TC011,5
U0045,TC006,5
U0045,TC003,5
U0045,TC009,4
U0045,TC014,5
U0046,TC009,3
U0047,TC010,4
U0047,TC008,2
U0048,TC012,5
U0049,TC011,1
U0050,TC004,5
U0050,TC008,5
U0050,TC010,5
U0050,TC005,3
U0051,TC006,3
U0051,TC008,3
U0051,TC011,3
U0052,TC014,1
U0053,TC007,4
U0053,TC010,2
U0053,TC003,4
U0053,TC012,3
U0054,TC011,4
U0054,TC004,3
U0054,TC005,5
U0055,TC012,4
U0056,TC015,3
U0057,TC006,5
U0057,TC010,2
U0058,TC009,1
U0058,TC006,4
U0058,TC011,5
U0058,TC013,5
U0058,TC010,4
U0059,TC009,4
U0059,TC014,5
U0059,TC006,2
U0060,TC006,1
U0060,TC007,4
U0060,TC011,4
U0060,TC009,5
U0061,TC014,1
U0061,TC004,4
U0061,TC005,2
U0062,TC008,1
U0063,TC008,2
U0063,TC007,3
U0063,TC002,1
U0063,TC011,1
U0064,TC009,5
U0064,TC015,2
U0064,TC004,2
U0064,TC007,2
U0065,TC012,5
U0065,TC015,3
U0066,TC001,4
U0066,TC004,5
U0066,TC014,5
U0067,TC006,1
U0067,TC003,2
U0067,TC009,2
U0067,TC015,1
U0067,TC011,2
U0068,TC006,2
U0068,TC004,3
U0068,TC003,3
U0068,TC008,1
U0069,TC010,3
U0069,TC008,5
U0069,TC003,1
U0070,TC003,2
U0070,TC015,3
U0071,TC008,5
U0071,TC002,3
U0071,TC005,1
U0071,TC007,5
U0072,TC012,3
U0072,TC006,3
U0073,TC012,2
U0073,TC008,1
U0073,TC001,1
U0074,TC002,2
U0074,TC008,4
U0074,TC005,3
U0074,TC015,3
U0075,TC010,4
U0075,TC005,4
U0075,TC013,1
U0076,TC002,5
U0076,TC009,2
U0077,TC002,1
U0077,TC011,4
U0077,TC003,3
U0077,TC008,1
U0077,TC014,4
U0078,TC002,5
U0078,TC003,2
U0078,TC014,1
U0078,TC013,3
U0079,TC005,3
U0079,TC015,2
U0079,TC007,1
U0079,TC009,3
U0080,TC006,3
U0080,TC015,5
U0080,TC013,3
U0081,TC003,4
U0082,TC012,4
U0082,TC006,1
U0083,TC008,5
U0083,TC015,3
U0083,TC013,2
U0083,TC009,2
U0084,TC008,2
U0084,TC007,5
U0085,TC001,1
U0085,TC005,5
U0085,TC011,2
U0085,TC007,2
U0085,TC015,4
U0086,TC007,5
U0086,TC012,1
U0086,TC011,2
U0086,TC003,2
U0086,TC015,2
U0087,TC010,4
U0088,TC006,4
U0088,TC011,1
U0088,TC001,4
U0089,TC001,1
U0089,TC007,3
U0089,TC011,1
U0089,TC008,2
U0089,TC015,1
U0090,TC004,5
U0091,TC005,5
U0091,TC015,1
U0092,TC007,1
U0092,TC010,4
U0092,TC008,2
U0092,TC003,1
U0093,TC011,2
U0093,TC004,5
U0093,TC015,1
U0093,TC014,5
U0093,TC013,2
U0094,TC015,2
U0094,TC007,1
U0094,TC013,1
U0094,TC011,3
U0094,TC010,2
U0095,TC008,1
U0096,TC003,1
U0096,TC007,1
U0097,TC003,4
U0097,TC015,4
U0097,TC009,3
U0097,TC004,2
U0097,TC011,4
U0098,TC006,3
U0099,TC009,5
U0099,TC006,4
U0099,TC008,2
U0099,TC012,5
U0099,TC015,2
U0100,TC007,2
U0101,TC003,5
U0101,TC012,1
U0102,TC003,4
U0103,TC009,4
U0103,TC001,3
U0103,TC005,5
U0103,TC013,5
U0103,TC007,3
U0104,TC012,4
U0104,TC005,4
U0105,TC014,5
U0106,TC014,4
U0106,TC012,3
U0106,TC001,4
U0106,TC011,2
U0107,TC015,2
U0107,TC014,3
U0107,TC006,4
U0108,TC008,4
U0108,TC009,3
U0109,TC008,1
U0109,TC009,4
U0109,TC014,1
U0109,TC005,5
U0110,TC007,4
U0110,TC006,4
U0110,TC008,1
U0111,TC002,5
U0111,TC003,5
U0111,TC010,4
U0111,TC009,2
U0112,TC005,5
U0112,TC003,2
U0112,TC007,5
U0112,TC009,2
U0112,TC001,4
U0113,TC012,4
U0114,TC002,1
U0114,TC008,3
U0114,TC001,2
U0115,TC002,1
U0115,TC011,3
U0115,TC009,4
U0115,TC007,4
U0116,TC009,4
U0116,TC001,4
U0116,TC013,3
U0116,TC004,4
U0116,TC002,5
U0117,TC011,4
U0117,TC002,5
U0117,TC003,5
U0118,TC015,2
U0118,TC002,3
U0119,TC009,3
U0119,TC011,2
U0120,TC011,1
U0120,TC015,4
U0120,TC005,1
U0121,TC010,5
U0122,TC010,5
U0123,TC009,4
U0123,TC001,1
U0123,TC015,1
U0124,TC001,4
U0124,TC012,4
U0124,TC009,1
U0124,TC014,3
U0125,TC001,4
U0125,TC008,1
U0126,TC008,3
U0127,TC005,2
U0128,TC007,5
U0128,TC009,3
U0129,TC010,2
U0129,TC007,3
U0129,TC008,4
U0129,TC012,1
U0130,TC006,1
U0131,TC001,5
U0132,TC001,4
U0133,TC014,1
U0134,TC009,2
U0134,TC012,1
U0134,TC006,3
U0134,TC001,1
U0135,TC006,3
U0135,TC011,5
U0136,TC003,2
U0136,TC011,5
U0136,TC013,2
U0136,TC014,1
U0137,TC001,2
U0138,TC015,4
U0138,TC008,3
U0138,TC006,4
U0138,TC010,3
U0138,TC012,2
U0139,TC007,3
U0139,TC006,3
U0139,TC010,2
U0139,TC012,3
U0139,TC008,2
U0140,TC011,3
U0140,TC015,2
U0140,TC014,1
U0140,TC010,3
U0141,TC007,3
U0142,TC006,2
U0143,TC005,3
U0143,TC001,1
U0143,TC013,2
U0143,TC011,2
U0144,TC015,4
U0144,TC013,4
U0144,TC010,4
U0144,TC004,5
U0145,TC008,4
U0145,TC007,1
U0145,TC009,5
U0145,TC002,3
U0145,TC011,3
U0146,TC013,3
U0146,TC002,5
U0146,TC015,1
U0146,TC008,3
U0147,TC005,5
U0147,TC010,1
U0147,TC012,3
U0147,TC007,3
U0147,TC009,5
U0148,TC001,5
U0148,TC009,4
U0148,TC015,2
U0148,TC004,3
U0148,TC006,1
U0149,TC008,3
U0149,TC005,1
U0149,TC014,5
U0150,TC010,3
U0150,TC009,3
U0150,TC007,2
U0150,TC004,3
U0150,TC003,2
U0151,TC012,1
U0151,TC010,1
U0151,TC002,1
U0151,TC013,5
U0152,TC013,5
U0152,TC012,3
U0152,TC002,4
U0153,TC015,3
U0153,TC009,5
U0153,TC010,2
U0153,TC014,2
U0154,TC004,3
U0155,TC007,1
U0155,TC002,4
U0155,TC009,2
U0155,TC011,3
U0155,TC004,5
U0156,TC015,1
U0157,TC003,4
U0157,TC011,3
U0158,TC006,4
U0158,TC010,2
U0159,TC006,3
U0160,TC009,5
U0160,TC014,5
U0160,TC003,4
U0161,TC014,1
U0161,TC002,3
U0161,TC012,4
U0161,TC010,3
U0161,TC003,5
U0162,TC005,3
U0162,TC008,2
U0162,TC015,5
U0162,TC007,2
U0162,TC001,4
U0163,TC008,5
U0164,TC011,2
U0164,TC008,1
U0164,TC013,3
U0165,TC002,3
U0165,TC008,5
U0165,TC003,1
U0165,TC014,3
U0166,TC013,2
U0166,TC003,4
U0166,TC010,4
U0167,TC010,5
U0167,TC009,4
U0167,TC014,5
U0167,TC011,5
U0168,TC008,3
U0168,TC015,5
U0168,TC006,3
U0168,TC005,4
U0168,TC012,3
U0169,TC004,3
U0170,TC002,5
U0171,TC012,2
U0171,TC010,4
U0172,TC012,3
U0173,TC007,1
U0173,TC003,5
U0173,TC012,2
U0173,TC008,3
U0173,TC006,4
U0174,TC009,1
U0174,TC010,1
U0175,TC014,5
U0175,TC005,3
U0176,TC008,4
U0176,TC010,3
U0176,TC004,4
U0177,TC015,1
U0178,TC007,4
U0178,TC009,2
U0178,TC013,2
U0179,TC014,4
U0179,TC001,1
U0180,TC006,1
U0180,TC010,3
U0180,TC005,2
U0180,TC009,1
U0181,TC001,4
U0181,TC003,3
U0181,TC012,2
U0181,TC014,2
U0182,TC004,4
U0183,TC013,4
U0183,TC011,1
U0184,TC007,3
U0184,TC011,4
U0184,TC014,3
U0184,TC003,4
U0184,TC005,2
U0185,TC013,1
U0186,TC011,2
U0186,TC002,5
U0187,TC008,5
U0188,TC009,5
U0188,TC008,1
U0189,TC007,3
U0189,TC002,3
U0189,TC006,5
U0189,TC012,5
U0190,TC009,2
U0190,TC007,3
U0190,TC014,4
U0191,TC012,1
U0191,TC014,5
U0191,TC005,1
U0192,TC011,5
U0192,TC014,5
U0193,TC006,1
U0193,TC003,2
U0194,TC012,1
U0194,TC009,3
U0194,TC007,5
U0194,TC013,3
U0194,TC010,4
U0195,TC015,2
U0195,TC012,5
U0195,TC010,5
U0195,TC009,2
U0195,TC005,5
U0196,TC008,2
U0196,TC001,1
U0196,TC006,2
U0197,TC011,2
U0198,TC014,5
U0198,TC010,5
U0199,TC002,2
U0199,TC013,2
U0199,TC012,1
U0199,TC003,2
U0200,TC007,2
U0200,TC009,4
U0200,TC015,4
U0200,TC005,5
U0201,TC003,3
U0201,TC007,2
U0201,TC009,4
U0201,TC012,2
U0202,TC008,2
U0202,TC012,1
U0202,TC007,5
U0202,TC001,4
U0202,TC004,4
U0203,TC004,1
U0203,TC014,4
U0203,TC005,2
U0203,TC008,5
U0203,TC002,2
U0204,TC005,3
U0204,TC011,3
U0205,TC004,2
U0205,TC006,2
U0205,TC007,4
U0205,TC003,4
U0206,TC001,3
U0207,TC004,3
U0207,TC006,5
U0207,TC009,4
U0208,TC001,4
U0208,TC003,2
U0209,TC003,3
U0209,TC009,4
U0210,TC005,2
U0211,TC001,2
U0211,TC013,3
U0211,TC012,3
U0212,TC005,5
U0212,TC007,2
U0212,TC009,5
U0213,TC015,3
U0213,TC008,1
U0213,TC011,1
U0213,TC001,4
U0214,TC009,5
U0214,TC015,4
U0214,TC002,3
U0214,TC006,4
U0215,TC004,4
U0215,TC009,5
U0215,TC007,1
U0215,TC006,3
U0216,TC009,4
U0216,TC011,4
U0216,TC005,2
U0217,TC003,2
U0217,TC012,5
U0218,TC012,2
U0219,TC009,3
U0219,TC010,5
U0219,TC006,4
U0220,TC001,2
U0220,TC015,2
U0220,TC011,5
U0220,TC007,3
U0221,TC010,3
U0221,TC014,2
U0221,TC015,4
U0222,TC001,1
U0222,TC008,5
U0222,TC007,5
U0223,TC004,2
U0223,TC001,1
U0223,TC002,2
U0224,TC010,1
U0224,TC009,1
U0225,TC012,4
U0225,TC009,1
U0226,TC003,3
U0226,TC009,4
U0226,TC004,5
U0226,TC013,5
U0227,TC006,5
U0228,TC001,5
U0229,TC002,3
U0230,TC004,3
U0230,TC008,2
U0231,TC007,2
U0231,TC008,4
U0231,TC001,4
U0232,TC009,4
U0232,TC013,1
U0233,TC015,5
U0233,TC007,4
U0233,TC006,5
U0234,TC008,3
U0234,TC012,3
U0234,TC010,4
U0235,TC010,5
U0235,TC006,3
U0235,TC015,3
U0236,TC015,3
U0237,TC015,4
U0237,TC011,2
U0237,TC004,5
U0238,TC008,1
U0239,TC009,1
U0239,TC006,5
U0239,TC005,2
U0240,TC006,3
U0240,TC003,2
U0240,TC012,1
U0240,TC015,4
U0240,TC014,5
U0241,TC003,3
U0241,TC013,1
U0241,TC014,1
U0241,TC002,5
U0241,TC007,2
U0242,TC005,3
U0243,TC005,2
U0243,TC012,1
U0243,TC015,2
U0243,TC006,1
U0244,TC008,4
U0244,TC011,5
U0245,TC008,5
U0245,TC004,5
U0245,TC001,2
U0246,TC001,3
U0246,TC004,2
U0246,TC012,2
U0247,TC013,2
U0248,TC015,2
U0248,TC005,5
U0248,TC001,2
U0249,TC004,5
U0249,TC005,3
U0249,TC011,1
U0249,TC001,2
U0250,TC014,5
U0251,TC006,2
U0252,TC008,5
U0252,TC010,5
U0252,TC006,1
U0253,TC005,4
U0254,TC015,2
U0254,TC005,2
U0254,TC002,3
U0254,TC003,3
U0254,TC011,4
U0255,TC002,5
U0256,TC002,2
U0256,TC013,3
U0256,TC015,5
U0256,TC004,3
U0256,TC005,4
U0257,TC004,2
U0258,TC013,4
U0258,TC011,4
U0258,TC010,5
U0258,TC007,4
U0258,TC003,1
U0259,TC008,3
U0259,TC004,2
U0260,TC013,1
U0261,TC001,2
U0261,TC013,5
U0262,TC015,2
U0263,TC002,5
U0263,TC004,3
U0263,TC001,5
U0263,TC015,1
U0263,TC005,2
U0264,TC009,5
U0264,TC010,1
U0264,TC001,5
U0264,TC015,4
U0264,TC012,4
U0265,TC013,2
U0265,TC006,1
U0265,TC003,5
U0266,TC011,5
U0267,TC001,2
U0267,TC009,2
U0267,TC003,3
U0267,TC002,4
U0267,TC011,5
U0268,TC002,2
U0268,TC008,2
U0269,TC015,4
U0269,TC014,1
U0269,TC011,3
U0269,TC007,1
U0270,TC002,5
U0270,TC001,5
U0270,TC011,1
U0270,TC004,5
U0271,TC015,5
U0272,TC005,1
U0272,TC001,2
U0272,TC006,2
U0272,TC014,2
U0273,TC013,2
U0274,TC013,3
U0274,TC005,4
U0274,TC010,1
U0275,TC002,4
U0275,TC005,3
U0275,TC009,1
U0275,TC008,4
U0276,TC006,3
U0276,TC013,4
U0276,TC012,2
U0276,TC003,2
U0277,TC014,4
U0278,TC002,1
U0278,TC007,2
U0279,TC011,1
U0279,TC009,1
U0279,TC012,3
U0279,TC002,4
U0280,TC004,5
U0281,TC007,4
U0281,TC014,4
U0281,TC013,4
U0281,TC004,1
U0281,TC001,1
U0282,TC010,4
U0282,TC015,5
U0282,TC005,4
U0283,TC011,2
U0283,TC010,2
U0283,TC004,2
U0283,TC012,4
U0284,TC001,4
U0285,TC012,3
U0286,TC014,4
U0286,TC001,1
U0286,TC013,3
U0286,TC015,1
U0286,TC010,5
U0287,TC004,3
U0287,TC015,2
U0287,TC003,1
U0287,TC014,4
U0288,TC015,4
U0288,TC009,3
U0288,TC013,3
U0289,TC012,2
U0289,TC009,2
U0289,TC014,4
U0289,TC004,3
U0289,TC010,5
U0290,TC014,5
U0291,TC003,5
U0291,TC015,2
U0291,TC009,3
U0291,TC006,5
U0292,TC012,3
U0292,TC005,1
U0292,TC006,2
U0293,TC013,2
U0293,TC002,3
U0293,TC010,5
U0293,TC007,2
U0293,TC001,2
U0294,TC008,5
U0294,TC009,4
U0294,TC014,2
U0294,TC004,4
U0295,TC014,5
U0295,TC011,1
U0295,TC004,1
U0295,TC003,3
U0295,TC013,2
U0296,TC005,3
U0296,TC008,4
U0296,TC006,4
U0296,TC009,3
U0297,TC007,1
U0297,TC012,4
U0297,TC008,2
U0297,TC014,4
U0297,TC005,1
U0298,TC001,2
U0298,TC007,1
U0299,TC006,4
U0299,TC015,4
U0299,TC003,4
U0299,TC010,1
U0300,TC005,3
U0301,TC005,3
U0301,TC001,3
U0301,TC009,1
U0301,TC002,3
U0301,TC012,4
U0302,TC009,3
U0302,TC002,2
U0303,TC015,5
U0303,TC002,4
U0303,TC014,1
U0303,TC007,1
U0304,TC007,4
U0304,TC001,1
U0304,TC004,1
U0305,TC010,3
U0305,TC003,3
U0305,TC007,3
U0305,TC012,3
U0305,TC001,4
U0306,TC015,4
U0306,TC005,5
U0306,TC003,2
U0307,TC009,4
U0307,TC013,4
U0307,TC005,1
U0307,TC004,3
U0308,TC004,3
U0309,TC011,3
U0309,TC015,3
U0309,TC006,5
U0310,TC011,4
U0310,TC007,1
U0310,TC013,1
U0311,TC001,1
U0311,TC014,1
U0312,TC007,2
U0312,TC011,2
U0312,TC003,5
U0312,TC013,4
U0312,TC008,5
U0313,TC015,1
U0313,TC005,4
U0313,TC011,2
U0313,TC003,4
U0314,TC004,5
U0314,TC009,3
U0314,TC006,4
U0314,TC011,1
U0314,TC001,5
U0315,TC005,5
U0315,TC001,5
U0316,TC007,3
U0317,TC009,1
U0318,TC004,4
U0319,TC014,1
U0319,TC013,2
U0319,TC015,3
U0320,TC011,4
U0320,TC005,4
U0320,TC009,1
U0320,TC014,1
U0320,TC004,4
U0321,TC013,5
U0321,TC008,3
U0322,TC006,5
U0322,TC012,3
U0322,TC002,3
U0322,TC005,3
U0322,TC003,5
U0323,TC007,2
U0323,TC010,1
U0323,TC006,4
U0323,TC005,3
U0324,TC003,5
U0324,TC008,1
U0324,TC006,1
U0324,TC015,1
U0325,TC015,4
U0325,TC012,2
U0325,TC014,3
U0325,TC002,3
U0326,TC010,3
U0326,TC011,5
U0326,TC013,2
U0326,TC005,2
U0327,TC011,2
U0327,TC002,5
U0327,TC007,2
U0328,TC007,5
U0328,TC005,5
U0329,TC012,1
U0329,TC002,1
U0329,TC011,1
U0329,TC013,4
U0330,TC008,5
U0331,TC003,5
U0332,TC011,4
U0332,TC015,4
U0332,TC006,1
U0333,TC001,3
U0333,TC014,5
U0334,TC009,3
U0334,TC005,2
U0334,TC002,2
U0335,TC012,2
U0335,TC006,5
U0335,TC013,2
U0336,TC008,5
U0336,TC003,4
U0337,TC014,4
U0337,TC007,5
U0337,TC011,5
U0338,TC011,2
U0339,TC015,2
U0340,TC015,4
U0340,TC006,4
U0340,TC007,1
U0340,TC005,1
U0341,TC009,1
U0341,TC015,5
U0341,TC003,4
U0342,TC011,5
U0343,TC005,5
U0343,TC002,1
U0343,TC012,1
U0343,TC001,4
U0343,TC008,1
U0344,TC005,4
U0345,TC005,1
U0345,TC007,1
U0345,TC012,5
U0346,TC004,3
U0346,TC001,3
U0346,TC013,2
U0346,TC010,3
U0346,TC008,4
U0347,TC012,5
U0347,TC014,5
U0348,TC012,4
U0348,TC003,4
U0348,TC004,3
U0349,TC011,1
U0349,TC014,1
U0349,TC012,4
U0349,TC008,5
U0349,TC013,5
U0350,TC011,2
U0351,TC004,1
U0351,TC003,2
U0351,TC006,1
U0352,TC014,4
U0352,TC001,4
U0352,TC009,5
U0352,TC003,5
U0352,TC012,1
U0353,TC007,2
U0353,TC011,5
U0353,TC015,4
U0353,TC013,3
U0353,TC001,2
U0354,TC004,4
U0354,TC014,1
U0354,TC010,4
U0354,TC011,3
U0354,TC006,4
U0355,TC003,1
U0355,TC002,2
U0355,TC013,4
U0355,TC012,1
U0355,TC001,5
U0356,TC008,1
U0357,TC008,1
U0357,TC009,5
U0358,TC013,5
U0358,TC012,2
U0358,TC007,2
U0358,TC014,1
U0358,TC015,4
U0359,TC010,5
U0360,TC005,3
U0360,TC009,5
U0361,TC011,4
U0361,TC012,4
U0362,TC009,2
U0362,TC008,5
U0362,TC007,4
U0363,TC001,3
U0363,TC014,3
U0363,TC008,3
U0364,TC006,4
U0364,TC008,4
U0364,TC003,3
U0364,TC007,3
U0365,TC013,5
U0366,TC003,3
U0366,TC009,4
U0366,TC002,4
U0366,TC008,5
U0366,TC010,3
U0367,TC014,1
U0368,TC005,2
U0368,TC006,2
U0369,TC003,4
U0370,TC007,2
U0370,TC010,1
U0371,TC003,4
U0371,TC014,3
U0372,TC003,2
U0372,TC006,2
U0372,TC008,1
U0373,TC015,3
U0373,TC012,1
U0373,TC013,4
U0373,TC001,2
U0373,TC008,3
U0374,TC007,5
U0375,TC003,3
U0375,TC011,4
U0375,TC015,4
U0376,TC006,5
U0376,TC002,2
U0376,TC003,4
U0376,TC015,5
U0377,TC001,4
U0377,TC015,4
U0377,TC012,5
U0377,TC006,2
U0377,TC004,2
U0378,TC008,2
U0378,TC007,2
U0379,TC003,3
U0379,TC015,4
U0379,TC009,2
U0380,TC004,2
U0380,TC008,2
U0380,TC003,3
U0380,TC015,5
U0380,TC014,2
U0381,TC001,2
U0382,TC012,1
U0382,TC008,1
U0383,TC012,2
U0383,TC010,3
U0383,TC005,1
U0383,TC003,2
U0383,TC011,4
U0384,TC005,2
U0385,TC004,2
U0385,TC013,1
U0386,TC015,3
U0386,TC013,3
U0386,TC009,4
U0386,TC004,1
U0386,TC014,2
U0387,TC011,1
U0387,TC008,3
U0387,TC009,4
U0388,TC008,5
U0388,TC002,5
U0389,TC013,1
U0389,TC011,4
U0389,TC014,4
U0390,TC011,4
U0390,TC007,3
U0390,TC009,3
U0390,TC001,3
U0390,TC015,3
U0391,TC012,2
U0391,TC014,1
U0391,TC015,3
U0392,TC011,4
U0392,TC012,5
U0392,TC009,2
U0392,TC004,4
U0393,TC001,2
U0393,TC006,4
U0393,TC004,2
U0394,TC007,2
U0394,TC009,3
U0394,TC014,2
U0394,TC006,5
U0394,TC010,5
U0395,TC011,5
U0395,TC013,1
U0396,TC010,5
U0396,TC008,5
U0397,TC015,2
U0397,TC011,2
U0397,TC014,1
U0397,TC009,3
U0398,TC004,2
U0399,TC010,5
U0400,TC013,4
U0400,TC010,3
U0400,TC011,3
U0401,TC011,1
U0402,TC006,4
U0402,TC001,4
U0403,TC015,4
U0403,TC012,1
U0403,TC011,4
U0403,TC009,4
U0404,TC005,4
U0404,TC008,4
U0405,TC014,3
U0406,TC010,2
U0406,TC011,5
U0406,TC009,5
U0406,TC007,3
U0406,TC004,5
U0407,TC015,1
U0408,TC009,2
U0408,TC006,3
U0409,TC014,4
U0409,TC008,2
U0410,TC002,3
U0410,TC006,5
U0411,TC004,2
U0411,TC011,5
U0411,TC008,4
U0411,TC005,2
U0412,TC010,3
U0412,TC005,1
U0412,TC015,2
U0412,TC006,5
U0412,TC013,5
U0413,TC006,3
U0413,TC013,4
U0413,TC012,3
U0414,TC013,2
U0414,TC011,1
U0414,TC014,4
U0414,TC006,1
U0415,TC008,1
U0415,TC004,1
U0415,TC001,2
U0415,TC013,4
U0415,TC003,2
U0416,TC011,2
U0416,TC007,3
U0416,TC004,4
U0416,TC015,4
U0417,TC012,2
U0417,TC015,2
U0418,TC005,4
U0418,TC009,3
U0419,TC004,4
U0419,TC010,1
U0419,TC002,1
U0419,TC007,5
U0419,TC011,1
U0420,TC010,1
U0421,TC009,4
U0421,TC015,1
U0421,TC007,4
U0422,TC014,2
U0422,TC012,4
U0423,TC005,5
U0423,TC013,5
U0423,TC008,2
U0424,TC009,3
U0424,TC006,1
U0424,TC010,4
U0424,TC014,4
U0425,TC013,5
U0426,TC010,2
U0427,TC002,3
U0427,TC007,5
U0427,TC005,1
U0427,TC012,1
U0428,TC006,2
U0428,TC013,3
U0428,TC008,4
U0429,TC010,4
U0429,TC014,2
U0429,TC005,2
U0429,TC013,5
U0430,TC013,3
U0430,TC009,2
U0430,TC001,5
U0430,TC012,5
U0431,TC011,3
U0432,TC007,2
U0432,TC006,4
U0432,TC002,5
U0432,TC009,3
U0433,TC008,5
U0433,TC002,5
U0433,TC010,2
U0433,TC009,4
U0434,TC004,3
U0434,TC014,1
U0434,TC005,5
U0435,TC009,5
U0435,TC006,1
U0435,TC010,4
U0435,TC004,2
U0436,TC001,1
U0436,TC003,5
U0436,TC004,5
U0437,TC014,5
U0437,TC011,2
U0437,TC007,3
U0437,TC005,2
U0437,TC013,3
U0438,TC006,5
U0438,TC005,4
U0439,TC006,3
U0439,TC003,4
U0439,TC002,1
U0439,TC014,2
U0439,TC013,5
U0440,TC002,1
U0440,TC001,2
U0440,TC009,3
U0440,TC013,3
U0441,TC010,1
U0441,TC005,3
U0441,TC007,5
U0441,TC013,1
U0442,TC008,3
U0442,TC007,4
U0443,TC008,5
U0443,TC007,1
U0443,TC012,1
U0444,TC002,3
U0444,TC003,1
U0444,TC014,2
U0444,TC015,5
U0445,TC012,4
U0445,TC006,5
U0445,TC014,1
U0445,TC009,5
U0446,TC001,3
U0447,TC006,5
U0448,TC004,5
U0448,TC015,4
U0448,TC014,4
U0448,TC006,1
U0448,TC003,1
U0449,TC009,3
U0449,TC006,1
U0450,TC003,5
U0451,TC013,2
U0451,TC014,5
U0451,TC008,1
U0452,TC015,1
U0453,TC003,3
U0454,TC014,5
U0454,TC008,1
U0454,TC002,3
U0455,TC001,5
U0455,TC007,3
U0455,TC012,5
U0455,TC011,5
U0455,TC002,5
U0456,TC004,4
U0457,TC001,1
U0457,TC006,5
U0457,TC014,1
U0458,TC004,4
U0458,TC014,1
U0458,TC010,5
U0458,TC007,4
U0458,TC009,4
U0459,TC008,1
U0460,TC001,5
U0460,TC011,2
U0460,TC005,2
U0460,TC010,5
U0460,TC003,3
U0461,TC008,1
U0462,TC007,2
U0462,TC002,2
U0462,TC003,1
U0462,TC010,2
U0462,TC004,3
U0463,TC006,3
U0463,TC003,1
U0463,TC014,1
U0463,TC001,2
U0463,TC010,4
U0464,TC015,4
U0465,TC006,4
U0465,TC009,2
U0465,TC014,4
U0465,TC015,3
U0466,TC001,2
U0466,TC007,4
U0466,TC014,2
U0466,TC002,1
U0466,TC012,2
U0467,TC007,5
U0468,TC002,4
U0468,TC007,1
U0468,TC006,2
U0469,TC002,5
U0470,TC001,5
U0470,TC014,1
U0470,TC011,1
U0470,TC002,2
U0471,TC014,5
U0471,TC011,5
U0472,TC004,2
U0472,TC001,3
U0473,TC010,5
U0473,TC014,4
U0473,TC012,5
U0474,TC001,2
U0474,TC007,2
U0475,TC013,3
U0476,TC010,5
U0476,TC007,5
U0476,TC009,1
U0477,TC015,5
U0478,TC011,5
U0478,TC002,1
U0478,TC010,3
U0478,TC007,3
U0479,TC006,2
U0480,TC002,2
U0481,TC014,2
U0482,TC001,3
U0482,TC009,1
U0482,TC002,5
U0482,TC007,1
U0483,TC005,4
U0483,TC012,1
U0483,TC013,5
U0484,TC012,5
U0485,TC015,5
U0485,TC002,2
U0485,TC005,3
U0485,TC001,4
U0486,TC006,1
U0486,TC005,4
U0486,TC014,1
U0486,TC010,5
U0486,TC015,3
U0487,TC001,3
U0487,TC007,3
U0487,TC003,4
U0487,TC012,4
U0487,TC008,5
U0488,TC004,3
U0488,TC011,5
U0488,TC010,1
U0488,TC014,4
U0488,TC009,3
U0489,TC010,1
U0489,TC005,3
U0490,TC011,1
U0490,TC010,3
U0491,TC006,2
U0491,TC008,3
U0491,TC011,2
U0491,TC014,5
U0491,TC007,3
U0492,TC007,1
U0492,TC013,5
U0492,TC015,3
U0492,TC010,2
U0493,TC002,4
U0494,TC008,4
U0494,TC003,1
U0494,TC009,4
U0495,TC011,5
U0495,TC012,3
U0495,TC007,5
U0496,TC003,4
U0497,TC010,4
U0497,TC013,4
U0498,TC002,4
U0499,TC003,4
U0499,TC013,4
U0499,TC012,1
U0499,TC009,2
U0500,TC010,3
U0500,TC009,4
U0500,TC003,5
