restauranteId,platilloId,precio,disponible
R001,P025,133.94,true
R001,P041,282.4,false
R001,P042,357.31,true
R002,P025,247.04,true
R002,P042,363.96,true
R002,P017,154.93,true
R002,P050,377.91,true
R003,P031,185.48,false
R003,P004,50.52,true
R003,P039,109.31,true
R003,P010,223.92,true
R004,P011,339.02,false
R004,P026,309.58,true
R004,P010,276.09,true
R004,P034,202.04,false
R004,P050,382.26,true
R004,P039,269.18,false
R004,P027,265.44,true
R004,P036,62.47,true
R004,P012,189.39,true
R004,P019,297.52,false
R005,P011,40.68,true
R005,P031,228.59,true
R005,P026,122.64,true
R005,P009,201.55,true
R006,P013,265.03,true
R006,P044,269.3,false
R006,P017,399.39,false
R006,P018,363.5,true
R006,P047,100.2,false
R006,P014,330.83,true
R006,P021,143.86,false
R006,P039,113.46,true
R006,P025,248.73,true
R007,P030,366.96,false
R007,P024,182.85,true
R007,P016,126.22,false
R007,P001,271.89,false
R007,P012,35.28,false
R007,P036,123.43,false
R008,P049,164.52,false
R008,P045,128.38,true
R008,P020,290.47,false
R008,P003,323.27,false
R008,P023,283.08,true
R009,P045,399.3,true
R009,P018,223.99,false
R009,P033,377.76,false
R009,P035,185.06,true
R009,P010,385.67,true
R009,P008,191.18,false
R009,P023,182.18,false
R009,P037,255.58,false
R009,P029,138.55,true
R010,P024,388.24,true
R010,P038,84.23,true
R010,P020,382.23,true
R010,P037,255.76,false
R010,P032,102.35,false
R011,P040,104.04,false
R011,P009,172.59,true
R011,P001,249.62,true
R011,P025,113.6,false
R011,P027,350.78,false
R011,P026,237.93,false
R011,P005,294.19,false
R011,P030,257.98,false
R011,P037,369.47,false
R011,P038,39.51,true
R011,P046,125.18,true
R011,P012,52.83,false
R012,P016,38.59,true
R012,P007,362.33,false
R012,P021,143.58,false
R012,P013,374.43,true
R012,P039,341.63,true
R012,P034,384.15,false
R012,P047,305.53,true
R012,P046,346.31,false
R012,P006,301.85,true
R012,P010,114.47,true
R012,P009,41.09,false
R012,P026,152.31,false
R013,P003,270.22,false
R013,P038,143.45,true
R013,P040,143.35,true
R013,P035,155.27,true
R013,P028,55.3,true
R014,P022,191.26,true
R014,P015,262.17,false
R014,P002,238.93,false
R014,P037,80.66,true
R014,P032,271.9,false
R014,P028,181.84,true
R015,P006,168.04,true
R015,P031,198.73,false
R015,P043,184.3,false
R016,P022,78.99,true
R016,P031,151.07,true
R016,P010,274.68,false
R016,P042,276.07,false
R016,P047,345.4,true
R016,P019,39.65,false
R016,P001,213.92,true
R016,P020,269.46,true
R016,P016,216.16,false
R016,P043,57.67,false
R016,P032,66.45,true
R016,P017,387.59,true
R017,P022,104.31,true
R017,P040,330.78,false
R017,P048,135.4,false
R017,P038,139.61,true
R017,P039,319.6,false
R017,P005,192.41,false
R017,P047,308.67,false
R017,P013,351.09,true
R017,P034,150.05,true
R017,P031,371.9,true
R017,P043,287.52,false
R017,P014,185.94,true
R017,P030,318.75,true
R017,P003,322.05,true
R018,P036,174.99,false
R018,P023,48.52,true
R018,P006,238.8,false
R018,P031,220.74,false
R018,P045,161.41,true
R018,P016,301.06,true
R018,P043,152.15,false
R018,P011,130.11,false
R018,P035,279.21,true
R018,P038,254.83,true
R018,P049,371.47,true
R018,P048,271.01,false
R018,P018,35.98,false
R018,P040,39.13,true
R019,P001,328.56,true
R019,P046,283.56,false
R019,P020,178.68,true
R019,P021,315.02,true
R019,P048,122.07,false
R019,P008,369.1,false
R019,P035,284.84,false
R019,P018,264.34,true
R019,P002,275.93,true
R019,P016,90.32,false
R019,P039,92.47,false
R019,P044,68.05,false
R019,P010,138.11,false
R019,P012,293.89,true
R019,P006,351.44,true
R020,P047,144.49,true
R020,P027,218.65,true
R020,P009,313.16,false
R020,P013,212.89,false
R020,P004,397.23,true
R020,P050,252.75,true
R020,P039,392.35,true
R020,P030,253.81,true
R021,P047,71.59,false
R021,P045,231.05,false
R021,P041,239.72,false
R021,P019,94.5,false
R021,P015,122.95,true
R021,P006,75.68,false
R021,P049,46.81,false
R021,P013,326.53,true
R021,P010,88.56,false
R021,P025,117.45,false
R021,P048,282.51,false
R022,P018,361.82,true
R022,P024,196.98,true
R022,P046,140.59,true
R022,P050,335.35,false
R022,P019,301.16,false
R022,P031,188.75,false
R022,P004,328.43,false
R022,P035,83.28,false
R022,P009,100.63,false
R022,P041,291.64,false
R023,P024,85.32,false
R023,P015,61.89,false
R023,P001,41.0,false
R024,P036,178.58,true
R024,P029,179.62,true
R024,P001,193.4,true
R024,P014,170.4,true
R024,P025,301.79,true
R024,P034,271.15,false
R024,P026,132.08,true
R024,P004,262.7,true
R024,P022,39.0,true
R024,P043,249.12,true
R025,P004,87.25,true
R025,P048,43.51,false
R025,P016,158.72,true
R025,P041,315.1,false
R025,P002,311.3,false
R026,P039,83.56,false
R026,P024,162.32,false
R026,P015,376.07,false
R026,P008,129.09,false
R026,P037,393.24,true
R026,P042,51.0,false
R026,P012,307.72,false
R026,P026,288.12,false
R026,P003,117.17,true
R026,P004,80.39,true
R026,P040,265.18,true
R026,P035,297.2,false
R026,P028,161.97,false
R026,P045,228.23,false
R027,P049,324.88,false
R027,P022,89.53,false
R027,P026,260.03,true
R027,P048,149.94,false
R027,P011,173.66,true
R027,P046,388.87,false
R027,P039,72.43,false
R028,P020,38.83,false
R028,P035,350.25,true
R028,P028,311.59,false
R028,P002,40.85,true
R028,P029,163.96,true
R029,P033,59.77,true
R029,P024,282.98,true
R029,P002,189.45,true
R029,P005,150.35,true
R029,P049,161.6,false
R029,P013,243.81,false
R029,P044,82.07,false
R029,P001,145.31,true
R030,P038,55.66,false
R030,P021,388.55,false
R030,P020,113.03,false
R030,P029,288.45,false
R030,P037,247.99,false
R030,P017,298.78,true
R031,P048,113.4,false
R031,P006,176.75,true
R031,P042,237.11,true
R031,P034,356.6,false
R031,P041,131.3,false
R031,P037,179.54,true
R031,P035,171.6,false
R031,P026,52.95,true
R031,P028,389.26,false
R031,P020,344.36,true
R031,P043,232.85,true
R031,P038,347.27,true
R032,P012,289.99,true
R032,P011,321.94,true
R032,P002,111.77,false
R032,P039,140.52,true
R032,P024,102.91,true
R032,P028,152.59,true
R032,P032,332.65,false
R032,P016,172.26,true
R032,P014,129.27,false
R032,P013,207.79,true
R032,P010,262.01,true
R032,P047,116.7,false
R033,P010,260.15,true
R033,P003,312.82,true
R033,P009,223.44,false
R033,P016,85.48,false
R033,P044,215.55,true
R033,P012,255.7,true
R033,P002,359.65,true
R033,P037,326.89,false
R033,P007,155.96,false
R033,P017,349.64,false
R033,P001,342.6,false
R033,P005,81.3,false
R033,P028,56.02,false
R034,P028,385.18,true
R034,P037,45.75,false
R034,P045,322.84,true
R034,P039,112.91,true
R034,P040,102.27,false
R034,P005,397.41,true
R034,P013,368.47,false
R034,P036,199.03,false
R035,P014,385.43,false
R035,P005,181.66,false
R035,P027,301.49,true
R035,P047,372.81,false
R035,P033,36.26,false
R035,P045,54.11,false
R036,P003,300.69,true
R036,P022,362.7,false
R036,P040,41.75,false
R036,P021,207.73,false
R036,P011,219.81,false
R036,P048,200.51,true
R036,P033,170.51,true
R036,P020,342.28,false
R036,P009,338.1,true
R036,P041,342.61,true
R036,P019,292.9,true
R036,P006,328.77,false
R036,P050,266.52,false
R036,P031,357.31,false
R036,P043,380.24,true
R037,P037,248.96,true
R037,P029,225.79,true
R037,P018,393.04,false
R037,P021,308.22,false
R037,P039,342.37,true
R037,P032,129.06,false
R037,P042,47.55,false
R038,P001,317.9,false
R038,P019,143.26,true
R038,P039,83.1,true
R038,P045,391.01,false
R038,P043,361.01,true
R038,P014,82.73,true
R038,P010,297.29,true
R038,P027,276.09,true
R039,P040,290.43,true
R039,P019,285.05,false
R039,P036,305.58,true
R039,P022,85.18,true
R039,P015,333.07,false
R039,P017,377.75,false
R039,P002,98.01,true
R039,P001,159.47,false
R040,P033,56.1,false
R040,P045,59.6,true
R040,P032,175.31,true
R040,P005,395.42,true
R040,P050,289.74,false
R040,P046,245.07,false
R040,P034,181.3,false
R040,P010,307.87,false
R040,P009,177.87,false
R040,P014,223.09,false
R040,P029,262.59,false
R040,P044,105.37,true
R040,P035,389.44,false
R040,P031,91.27,false
R041,P008,165.06,false
R041,P004,302.35,false
R041,P035,382.15,false
R041,P049,217.23,false
R041,P037,152.7,false
R041,P010,359.29,false
R041,P027,71.45,true
R041,P006,127.99,false
R041,P025,135.23,true
R041,P026,54.09,false
R041,P009,158.22,false
R041,P001,330.05,true
R041,P007,141.28,true
R041,P044,165.46,false
R041,P021,174.65,false
R042,P007,249.89,false
R042,P010,375.53,true
R042,P012,87.46,true
R042,P017,108.58,false
R042,P020,367.93,false
R042,P047,41.2,true
R042,P005,340.32,false
R042,P033,351.55,true
R043,P002,222.13,false
R043,P016,57.18,true
R043,P027,326.02,false
R043,P013,301.93,true
R043,P003,46.09,false
R043,P040,307.55,true
R043,P020,133.23,true
R043,P018,248.12,false
R043,P010,267.86,false
R043,P014,252.68,false
R044,P018,111.56,false
R044,P022,257.43,true
R044,P010,144.07,true
R044,P036,204.37,false
R044,P008,310.03,false
R045,P045,248.33,true
R045,P032,86.23,false
R045,P020,35.4,false
R045,P033,133.65,true
R045,P001,327.52,true
R045,P037,164.13,true
R045,P021,156.23,false
R045,P049,257.84,true
R045,P041,206.05,false
R045,P042,91.05,true
R045,P015,70.17,false
R045,P050,277.72,false
R045,P017,139.28,false
R045,P002,203.0,false
R045,P022,383.82,true
R046,P020,341.27,false
R046,P005,322.15,false
R046,P033,289.16,false
R046,P028,73.7,false
R046,P018,93.1,true
R046,P044,96.44,false
R046,P034,46.36,false
R046,P011,298.74,false
R046,P013,296.5,false
R046,P001,95.5,false
R046,P048,341.1,false
R046,P045,373.75,true
R046,P009,71.01,false
R047,P045,112.98,true
R047,P001,170.61,true
R047,P025,206.09,true
R047,P026,142.64,true
R047,P012,358.52,false
R047,P038,334.92,false
R048,P040,299.6,true
R048,P036,273.62,true
R048,P038,199.36,true
R048,P002,392.95,true
R048,P027,118.22,true
R048,P010,48.11,false
R048,P016,150.47,false
R048,P009,353.62,false
R048,P030,55.3,false
R049,P030,63.25,true
R049,P029,342.69,true
R049,P038,203.91,true
R049,P021,163.75,true
R049,P046,151.95,true
R049,P017,238.61,false
R049,P005,169.9,false
R049,P041,96.19,true
R049,P049,219.52,false
R049,P027,185.02,true
R049,P032,349.35,true
R049,P047,285.12,false
R049,P039,63.93,true
R049,P013,251.69,true
R049,P034,100.85,true
R050,P022,221.42,true
R050,P048,332.65,true
R050,P006,271.83,false
R050,P036,37.57,false
R050,P035,176.63,true
R050,P007,353.67,true
R050,P010,200.96,true
R050,P037,115.1,true
R050,P042,250.16,true
R050,P046,176.48,true
R050,P034,116.72,false
R050,P025,276.39,false
R050,P045,371.28,true
R051,P021,287.04,true
R051,P003,327.13,false
R051,P027,121.19,true
R051,P032,314.57,true
R051,P050,71.55,false
R051,P030,159.2,true
R051,P033,283.69,false
R051,P040,195.59,true
R051,P048,165.48,true
R051,P034,226.55,true
R051,P015,223.55,false
R051,P013,131.14,false
R051,P022,169.19,true
R051,P023,73.2,true
R052,P005,309.68,true
R052,P020,391.89,false
R052,P031,345.55,true
R052,P004,181.22,false
R052,P042,76.55,false
R052,P045,333.98,true
R052,P007,306.43,false
R053,P040,165.36,false
R053,P029,131.14,false
R053,P035,244.69,false
R053,P004,44.03,true
R053,P010,334.08,false
R053,P015,299.85,false
R053,P041,383.13,true
R053,P020,59.23,true
R053,P044,377.24,false
R053,P018,210.11,false
R054,P043,276.83,true
R054,P014,73.13,false
R054,P008,386.03,true
R054,P023,294.39,true
R054,P038,241.2,true
R054,P032,155.97,false
R054,P024,371.44,false
R054,P029,269.52,true
R054,P011,117.72,false
R054,P039,68.02,false
R054,P010,60.17,false
R055,P048,343.99,false
R055,P017,176.9,true
R055,P035,161.06,false
R055,P016,233.84,true
R055,P038,371.38,false
R055,P028,132.72,true
R055,P025,190.01,false
R055,P002,36.07,true
R055,P030,381.13,true
R055,P014,63.08,true
R055,P020,182.64,true
R055,P019,270.62,false
R055,P044,360.3,true
R056,P049,290.15,true
R056,P020,292.41,false
R056,P018,333.31,true
R056,P043,288.31,false
R056,P031,140.05,true
R056,P025,250.89,true
R057,P026,388.77,true
R057,P019,244.93,false
R057,P043,293.08,true
R057,P041,77.55,true
R057,P016,186.7,false
R057,P013,202.78,false
R057,P002,396.33,false
R057,P010,193.96,true
R057,P028,35.55,false
R057,P047,307.51,true
R057,P023,136.43,true
R058,P009,259.01,true
R058,P044,61.42,true
R058,P045,299.7,false
R058,P015,237.11,false
R058,P018,213.2,true
R059,P031,154.5,false
R059,P029,135.77,false
R059,P040,78.91,false
R059,P005,44.82,true
R060,P016,366.41,false
R060,P023,356.81,true
R060,P005,352.02,false
R060,P030,331.95,true
R060,P020,235.6,true
R060,P026,213.71,true
R061,P014,157.22,true
R061,P005,268.37,false
R061,P037,285.14,false
R061,P038,345.54,false
R061,P023,331.34,false
R061,P042,256.87,true
R061,P025,113.96,false
R061,P040,35.91,true
R061,P041,306.18,false
R062,P005,354.38,false
R062,P047,210.61,true
R062,P049,229.71,true
R062,P014,244.02,false
R062,P018,206.12,true
R062,P019,384.2,true
R062,P044,127.23,false
R062,P017,135.74,true
R063,P044,76.78,false
R063,P031,226.98,false
R063,P019,250.22,false
R063,P038,112.98,true
R063,P013,354.32,true
R063,P010,140.67,false
R063,P023,139.18,false
R063,P006,215.87,false
R064,P007,56.82,false
R064,P033,387.24,true
R064,P013,148.89,true
R064,P004,153.47,true
R064,P045,126.31,false
R064,P034,210.7,false
R064,P024,97.35,true
R064,P049,380.03,true
R064,P047,212.35,true
R065,P030,82.04,false
R065,P007,341.22,false
R065,P003,269.44,true
R065,P040,87.12,false
R065,P043,335.02,true
R065,P026,124.2,true
R065,P041,170.89,false
R065,P034,100.41,true
R065,P021,39.47,true
R065,P028,54.27,true
R065,P020,54.79,false
R066,P042,96.39,true
R066,P045,69.98,true
R066,P022,44.97,false
R066,P049,210.35,true
R066,P002,149.99,false
R066,P044,151.71,true
R066,P021,41.97,false
R066,P009,189.91,true
R067,P048,136.42,true
R067,P034,396.79,true
R067,P010,352.21,true
R067,P009,102.23,true
R067,P047,52.22,false
R067,P046,86.04,true
R068,P043,51.92,true
R068,P048,76.56,true
R068,P040,128.45,false
R068,P049,111.31,true
R069,P015,173.27,true
R069,P042,325.76,true
R069,P012,123.79,false
R069,P024,157.47,false
R069,P048,282.94,false
R069,P034,81.08,false
R070,P033,196.59,true
R070,P026,98.24,false
R070,P020,191.73,false
R070,P050,98.46,true
R070,P040,301.33,false
R071,P028,263.16,true
R071,P049,136.01,false
R071,P030,99.73,false
R071,P041,338.09,false
R071,P043,182.74,true
R071,P031,157.13,true
R072,P026,169.95,true
R072,P024,353.4,true
R072,P022,261.15,false
R072,P037,187.02,true
R072,P005,132.31,false
R072,P018,115.0,false
R072,P032,344.88,false
R072,P025,93.13,false
R072,P011,318.77,false
R073,P026,308.0,true
R073,P028,140.72,false
R073,P047,215.26,true
R073,P021,143.7,false
R073,P043,208.31,true
R073,P015,268.95,false
R073,P022,382.08,true
R073,P014,153.25,true
R073,P036,378.17,false
R073,P038,184.95,false
R073,P027,217.58,false
R073,P009,124.92,true
R073,P037,185.73,true
R073,P042,178.55,true
R073,P044,143.05,false
R074,P041,65.41,false
R074,P016,362.38,true
R074,P040,288.54,true
R074,P039,45.67,true
R074,P035,216.44,true
R074,P043,208.0,false
R074,P005,56.51,true
R074,P027,317.88,true
R074,P007,379.19,false
R074,P023,230.75,false
R074,P015,332.3,true
R074,P033,237.92,true
R075,P047,321.07,false
R075,P018,320.79,false
R075,P037,179.85,false
R075,P014,269.49,true
R075,P008,308.26,true
R075,P009,176.84,false
R075,P046,160.73,false
R075,P019,109.87,true
R075,P026,253.21,false
R076,P048,113.56,false
R076,P038,219.55,true
R076,P041,397.62,true
R076,P020,101.26,false
R076,P001,291.42,false
R077,P019,254.03,true
R077,P037,73.28,false
R077,P030,74.21,false
R077,P006,321.62,true
R077,P040,76.46,true
R077,P027,242.21,false
R077,P029,301.95,true
R077,P002,312.92,true
R077,P045,106.06,true
R077,P036,134.34,false
R077,P015,113.64,false
R077,P014,339.13,true
R077,P022,384.3,false
R077,P046,229.72,true
R078,P003,383.58,false
R078,P037,215.17,true
R078,P035,48.76,false
R078,P045,366.68,true
R078,P017,72.86,true
R078,P006,390.99,true
R078,P004,316.66,true
R079,P042,346.42,true
R079,P011,182.53,true
R079,P003,308.02,true
R079,P010,354.8,true
R079,P034,124.95,true
R079,P036,79.53,true
R079,P027,129.1,false
R080,P036,62.26,true
R080,P017,288.81,true
R080,P010,212.27,true
R080,P004,109.97,false
R080,P014,56.45,false
R080,P021,322.33,true
R080,P013,347.15,true
R081,P032,237.81,true
R081,P008,140.6,true
R081,P014,83.37,false
R081,P009,345.65,false
R081,P046,150.75,false
R081,P007,375.87,true
R081,P038,317.0,true
R081,P020,388.96,false
R081,P002,344.93,false
R081,P047,214.16,false
R081,P043,348.97,true
R081,P030,255.9,true
R081,P001,237.25,true
R081,P011,48.69,false
R081,P034,145.11,true
R082,P025,294.15,true
R082,P008,370.83,true
R082,P037,156.0,false
R082,P019,252.84,false
R082,P011,387.52,true
R082,P016,176.82,false
R082,P042,234.97,false
R082,P010,158.05,false
R082,P049,99.06,false
R082,P023,304.95,true
R082,P047,35.74,false
R082,P004,138.29,true
R082,P005,376.0,false
R083,P035,219.94,true
R083,P039,393.12,true
R083,P046,169.77,false
R083,P040,192.93,false
R083,P018,377.76,false
R083,P034,111.0,false
R083,P045,319.08,false
R083,P023,358.58,true
R083,P028,198.61,true
R083,P025,201.32,false
R083,P049,182.54,false
R083,P019,182.86,true
R084,P025,142.33,false
R084,P001,75.6,true
R084,P031,36.86,false
R084,P002,220.87,false
R084,P043,349.32,false
R084,P003,49.79,false
R084,P006,318.98,true
R085,P001,184.35,true
R085,P041,280.4,true
R085,P027,212.34,true
R086,P031,105.14,true
R086,P027,79.43,true
R086,P011,86.1,true
R087,P010,351.21,true
R087,P012,165.64,false
R087,P049,46.66,false
R087,P036,68.68,false
R087,P050,200.12,true
R087,P019,118.28,true
R087,P001,292.15,true
R087,P035,161.67,true
R087,P018,336.51,false
R087,P031,105.9,false
R087,P021,373.59,true
R088,P042,122.7,true
R088,P034,373.22,true
R088,P038,345.79,true
R088,P009,361.66,true
R088,P001,262.05,false
R088,P028,123.54,true
R088,P019,258.84,true
R088,P008,322.12,true
R088,P041,374.39,false
R088,P024,140.09,false
R088,P032,326.95,false
R088,P036,302.46,true
R088,P003,235.97,true
R088,P030,66.03,true
R088,P049,43.24,true
R089,P023,335.73,false
R089,P032,126.46,true
R089,P036,335.04,false
R089,P042,252.64,true
R089,P046,151.41,false
R089,P002,236.68,false
R089,P044,368.96,false
R089,P015,251.21,false
R089,P030,289.72,true
R089,P048,233.83,false
R089,P038,103.1,true
R089,P008,339.45,false
R089,P010,241.75,true
R089,P007,286.66,false
R089,P043,361.26,false
R090,P025,52.69,false
R090,P005,188.44,true
R090,P047,120.24,false
R091,P029,69.03,true
R091,P003,187.66,true
R091,P006,144.08,true
R091,P026,86.1,true
R091,P021,266.78,false
R091,P010,105.97,false
R091,P050,259.83,true
R091,P027,268.65,false
R092,P018,229.0,true
R092,P020,122.74,true
R092,P030,363.85,true
R092,P032,112.6,true
R092,P012,314.88,false
R092,P021,64.21,true
R092,P001,147.35,false
R093,P016,202.37,true
R093,P026,175.22,false
R093,P039,240.53,false
R093,P007,40.46,false
R093,P021,95.06,false
R093,P035,57.42,true
R093,P022,115.89,true
R093,P046,261.51,false
R094,P039,51.82,true
R094,P019,367.75,true
R094,P023,255.86,false
R094,P012,102.09,true
R094,P015,196.56,true
R094,P006,212.16,true
R094,P021,254.09,true
R094,P041,44.65,true
R094,P035,183.65,true
R094,P009,365.39,false
R094,P034,284.84,true
R094,P025,363.44,false
R094,P046,255.51,false
R095,P026,334.08,true
R095,P015,389.48,true
R095,P009,341.24,true
R096,P003,52.79,true
R096,P020,269.69,true
R096,P035,171.39,true
R096,P023,213.63,false
R096,P001,65.93,true
R096,P012,35.75,true
R096,P010,102.09,false
R096,P050,192.05,false
R096,P027,88.37,false
R096,P007,172.45,false
R096,P038,290.51,true
R097,P048,35.17,false
R097,P024,300.34,true
R097,P023,84.9,true
R097,P039,65.24,false
R097,P020,272.57,false
R097,P001,204.9,true
R097,P029,138.98,false
R097,P038,140.71,false
R097,P040,340.82,false
R097,P010,39.69,true
R097,P015,259.45,false
R098,P044,199.75,false
R098,P040,191.19,false
R098,P045,294.7,false
R098,P007,56.32,true
R098,P006,275.47,false
R098,P043,59.42,true
R099,P037,124.76,true
R099,P011,177.64,false
R099,P036,43.77,false
R099,P006,265.9,true
R099,P045,157.38,true
R099,P042,90.18,false
R099,P021,79.93,false
R099,P031,248.81,true
R099,P048,352.19,false
R099,P004,333.84,false
R099,P027,271.2,false
R099,P005,186.14,false
R099,P041,65.58,false
R099,P010,343.72,false
R099,P009,105.29,true
R100,P048,338.02,true
R100,P016,242.98,true
R100,P030,353.9,true
R101,P010,263.62,false
R101,P017,173.7,true
R101,P028,81.29,false
R101,P023,310.56,false
R101,P039,72.7,true
R101,P043,327.53,false
R102,P022,70.9,false
R102,P037,278.56,true
R102,P005,332.3,false
R102,P050,94.74,false
R102,P014,178.42,true
R102,P034,192.35,true
R102,P009,353.1,false
R102,P003,58.22,true
R102,P007,213.07,false
R103,P023,374.58,false
R103,P015,258.96,false
R103,P016,129.96,false
R103,P032,221.63,false
R103,P024,93.31,false
R103,P044,332.16,false
R103,P026,293.48,true
R103,P021,42.91,false
R104,P009,87.19,true
R104,P021,351.22,true
R104,P001,309.0,false
R104,P027,294.5,true
R104,P038,253.01,true
R104,P050,304.99,true
R104,P037,259.07,true
R104,P047,128.95,false
R104,P049,351.26,true
R104,P025,82.81,true
R104,P035,144.92,false
R104,P022,363.88,true
R104,P008,88.78,true
R105,P032,139.71,false
R105,P030,389.95,false
R105,P036,348.16,true
R105,P045,171.36,false
R105,P047,289.81,true
R105,P043,202.52,true
R105,P001,119.02,true
R106,P019,341.92,true
R106,P029,317.57,true
R106,P036,197.32,true
R106,P044,288.1,false
R107,P005,106.95,true
R107,P046,279.88,false
R107,P026,108.17,true
R107,P032,59.59,true
R107,P048,357.4,true
R107,P029,44.88,true
R107,P001,360.34,false
R107,P049,218.73,false
R108,P025,109.68,true
R108,P017,189.34,false
R108,P050,281.63,false
R108,P035,43.37,true
R108,P014,377.55,false
R109,P047,282.17,false
R109,P048,360.09,true
R109,P041,43.77,false
R109,P006,369.79,false
R109,P045,242.41,true
R109,P014,76.51,true
R109,P025,88.13,false
R109,P001,313.71,true
R109,P022,366.46,true
R109,P049,171.58,true
R110,P007,75.05,false
R110,P022,322.29,true
R110,P019,232.43,true
R110,P026,114.11,true
R111,P017,123.33,false
R111,P041,183.07,false
R111,P005,62.68,true
R111,P004,339.28,true
R111,P019,225.69,true
R111,P047,135.17,true
R111,P018,209.22,false
R112,P023,72.63,false
R112,P033,223.46,false
R112,P004,174.22,false
R112,P013,75.15,false
R112,P003,235.35,true
R112,P040,68.29,true
R112,P041,91.49,false
R112,P001,323.46,true
R113,P039,69.09,false
R113,P034,223.32,false
R113,P045,189.87,false
R113,P036,76.18,false
R113,P042,336.71,false
R113,P014,195.07,true
R113,P031,277.36,true
R113,P007,186.05,false
R113,P028,352.47,false
R114,P022,171.85,false
R114,P035,165.14,true
R114,P014,249.64,false
R115,P029,395.4,true
R115,P046,138.04,false
R115,P010,181.07,true
R115,P035,69.41,false
R115,P024,157.33,true
R115,P016,59.29,false
R115,P049,231.89,false
R115,P045,374.1,false
R116,P032,363.85,false
R116,P039,100.25,false
R116,P014,191.95,true
R116,P001,128.09,true
R116,P013,267.86,true
R116,P047,95.08,true
R116,P010,354.3,false
R116,P033,379.34,false
R116,P022,73.87,true
R116,P048,36.61,false
R116,P011,333.64,true
R117,P037,324.58,false
R117,P031,201.4,true
R117,P009,79.12,false
R117,P047,86.18,true
R117,P001,288.05,false
R117,P041,273.15,false
R117,P030,107.42,true
R117,P015,38.15,true
R117,P036,88.45,true
R117,P011,336.96,false
R117,P049,86.4,false
R118,P019,282.42,false
R118,P032,74.54,false
R118,P014,294.07,false
R118,P044,162.7,false
R118,P004,181.96,false
R118,P023,183.45,true
R118,P043,256.65,false
R118,P031,226.27,true
R118,P029,106.09,false
R118,P047,40.87,false
R118,P007,90.6,false
R118,P028,379.92,false
R118,P008,283.99,false
R119,P050,81.42,true
R119,P030,246.5,false
R119,P040,124.02,true
R119,P013,202.41,false
R119,P045,288.05,false
R119,P012,280.19,false
R120,P049,214.89,true
R120,P008,65.15,false
R120,P022,48.56,true
R121,P005,337.51,true
R121,P026,187.96,true
R121,P046,218.93,true
R122,P023,253.22,true
R122,P036,115.54,false
R122,P037,220.27,true
R122,P046,165.73,true
R122,P014,254.04,true
R122,P043,138.55,false
R122,P017,207.28,true
R122,P030,333.64,false
R122,P022,123.5,false
R123,P025,88.38,true
R123,P019,148.29,false
R123,P044,131.31,true
R123,P016,395.8,false
R123,P010,279.48,false
R123,P002,35.95,true
R123,P014,286.56,true
R123,P006,42.59,false
R123,P032,277.39,true
R123,P009,146.03,false
R123,P027,323.32,false
R123,P028,66.4,true
R123,P024,239.21,false
R124,P014,301.32,true
R124,P010,395.75,false
R124,P032,362.99,true
R124,P008,174.21,true
R124,P026,331.32,true
R124,P042,366.08,true
R124,P013,298.67,true
R125,P039,388.02,true
R125,P038,227.26,true
R125,P016,157.61,false
R125,P005,58.53,true
R125,P036,263.12,true
R125,P029,261.9,true
R125,P034,53.02,false
R125,P008,292.79,false
R125,P001,187.26,true
R125,P020,123.49,false
R125,P035,178.78,true
R126,P006,319.63,false
R126,P009,315.72,true
R126,P049,353.21,true
R126,P044,61.88,true
R126,P041,48.26,false
R126,P028,283.52,true
R126,P034,281.14,true
R126,P005,38.05,false
R126,P023,216.48,true
R126,P037,255.7,false
R126,P020,392.24,true
R127,P038,302.71,false
R127,P008,271.39,true
R127,P048,183.02,false
R127,P020,190.91,true
R127,P009,220.82,false
R127,P043,180.32,true
R127,P028,275.24,true
R127,P039,184.35,true
R127,P015,192.84,false
R127,P031,43.97,false
R127,P027,355.87,true
R128,P026,338.24,true
R128,P012,243.0,true
R128,P038,198.35,false
R128,P011,66.25,false
R128,P049,396.17,false
R128,P028,96.69,true
R128,P045,204.29,true
R128,P044,330.07,true
R128,P029,84.49,false
R128,P033,262.21,false
R129,P010,367.93,false
R129,P028,385.25,true
R129,P021,150.74,true
R129,P039,370.24,false
R129,P032,80.55,false
R129,P025,74.92,false
R129,P019,155.33,true
R129,P002,243.65,true
R129,P036,250.43,false
R129,P013,351.6,false
R130,P006,297.22,true
R130,P035,130.59,true
R130,P049,225.84,false
R130,P029,239.83,false
R130,P050,162.6,false
R130,P042,397.23,true
R130,P008,269.53,true
R130,P020,250.22,true
R130,P034,80.07,true
R130,P028,159.06,true
R130,P003,58.29,false
R130,P004,340.0,true
R130,P024,215.09,true
R130,P040,243.64,true
R130,P001,181.55,false
R131,P012,255.73,true
R131,P011,266.41,true
R131,P015,175.32,true
R131,P013,39.98,false
R131,P027,268.21,true
R132,P017,189.57,false
R132,P012,291.14,false
R132,P025,167.67,false
R132,P042,379.99,false
R132,P046,397.86,false
R133,P045,282.58,false
R133,P006,128.33,false
R133,P042,233.1,false
R133,P018,322.98,false
R133,P020,270.77,false
R133,P026,378.01,true
R133,P043,127.85,true
R133,P039,137.45,false
R133,P024,362.16,false
R133,P027,164.19,true
R134,P048,338.73,true
R134,P018,193.47,false
R134,P033,337.9,false
R134,P013,122.72,true
R134,P019,349.15,false
R134,P036,207.56,false
R134,P015,36.67,false
R134,P043,123.95,false
R134,P023,316.58,true
R134,P045,274.76,false
R134,P028,144.78,false
R134,P011,398.84,false
R134,P027,351.28,true
R135,P002,252.5,false
R135,P049,181.33,true
R135,P047,302.48,true
R135,P020,53.66,true
R135,P021,137.33,true
R135,P004,242.01,false
R135,P024,198.1,false
R135,P003,366.05,false
R136,P041,240.21,true
R136,P023,58.15,true
R136,P043,157.31,false
R136,P050,75.13,true
R136,P044,281.95,true
R136,P001,144.46,false
R136,P016,43.45,true
R137,P007,335.89,false
R137,P020,261.46,false
R137,P014,103.65,true
R137,P022,75.76,true
R137,P015,274.74,true
R137,P005,135.29,true
R137,P009,181.4,true
R137,P030,358.0,false
R137,P039,89.38,false
R137,P017,341.78,false
R137,P046,365.73,false
R138,P045,216.01,true
R138,P004,237.21,false
R138,P034,162.22,false
R138,P024,383.41,false
R139,P049,160.57,false
R139,P028,149.12,true
R139,P003,286.35,true
R139,P039,372.19,false
R139,P041,84.54,true
R139,P006,233.49,true
R139,P038,186.74,true
R139,P015,125.32,false
R139,P021,175.62,true
R139,P007,343.74,false
R139,P045,338.12,false
R139,P031,386.61,true
R139,P020,312.78,false
R140,P012,222.5,true
R140,P049,221.57,false
R140,P028,178.17,true
R140,P002,250.04,true
R141,P037,253.17,true
R141,P015,194.08,false
R141,P006,378.47,false
R141,P039,157.49,false
R141,P028,298.2,true
R141,P016,369.96,true
R141,P002,368.75,false
R141,P045,195.86,true
R141,P040,380.89,true
R142,P015,160.62,true
R142,P034,275.01,true
R142,P036,55.87,false
R142,P049,256.85,true
R142,P003,181.27,false
R142,P020,51.86,true
R142,P033,236.84,true
R143,P016,167.06,false
R143,P017,196.17,false
R143,P009,102.45,true
R143,P031,75.22,false
R144,P038,361.78,true
R144,P002,271.12,true
R144,P048,194.1,false
R144,P019,117.13,true
R144,P041,358.61,true
R144,P017,277.53,false
R144,P013,211.53,true
R145,P002,255.81,false
R145,P027,364.69,false
R145,P010,330.25,false
R145,P044,112.97,true
R145,P038,220.87,false
R145,P008,86.56,true
R145,P047,306.43,false
R145,P030,118.43,true
R146,P007,242.03,true
R146,P038,322.2,false
R146,P036,114.51,false
R146,P016,193.83,false
R146,P026,76.58,true
R147,P009,269.87,false
R147,P037,345.41,true
R147,P033,171.2,true
R147,P044,55.62,false
R147,P029,151.0,true
R147,P032,330.24,true
R147,P001,37.15,false
R147,P046,305.98,true
R148,P032,150.42,false
R148,P036,200.2,false
R148,P040,52.24,true
R148,P003,134.35,true
R148,P014,134.7,false
R148,P020,282.99,false
R148,P041,263.28,true
R148,P023,122.63,false
R148,P004,232.72,true
R148,P011,51.3,true
R148,P039,337.99,true
R149,P012,71.7,false
R149,P005,93.28,true
R149,P004,70.97,true
R149,P021,167.01,true
R149,P007,98.44,true
R149,P016,285.08,true
R149,P045,356.74,false
R149,P018,225.88,false
R149,P025,116.13,true
R149,P048,121.71,true
R150,P045,102.23,true
R150,P031,43.44,true
R150,P016,64.49,true
R150,P025,319.9,false
R150,P039,368.36,false
R150,P001,76.66,true
R150,P030,133.18,false
R150,P033,353.05,true
R150,P038,324.98,false
R150,P020,73.03,true
R150,P032,202.45,false
R150,P028,64.54,true
R150,P049,356.99,true
R151,P017,160.6,false
R151,P042,335.29,true
R151,P020,200.53,false
R151,P024,63.56,false
R151,P050,197.84,true
R151,P047,286.16,false
R151,P027,308.78,false
R151,P039,122.79,false
R151,P031,181.29,true
R151,P010,305.9,false
R151,P040,372.14,false
R151,P026,233.52,true
R152,P024,209.41,false
R152,P032,335.45,true
R152,P014,95.54,true
R152,P030,114.36,false
R152,P007,278.53,true
R152,P013,145.2,false
R152,P035,358.3,true
R152,P034,215.4,true
R153,P014,142.87,true
R153,P001,76.13,false
R153,P019,396.48,false
R153,P044,110.63,false
R153,P008,130.61,true
R153,P005,342.23,false
R153,P030,149.32,false
R153,P027,251.5,false
R153,P007,373.35,true
R153,P020,172.75,true
R153,P012,36.09,false
R153,P042,232.57,false
R153,P024,284.26,true
R153,P040,181.57,true
R154,P006,253.38,false
R154,P049,58.51,false
R154,P023,53.21,true
R154,P037,246.34,true
R154,P012,233.27,true
R154,P010,81.82,true
R154,P039,137.48,true
R154,P008,224.29,true
R154,P042,66.94,true
R154,P011,197.92,false
R154,P031,272.98,false
R154,P004,157.15,false
R154,P025,226.92,false
R154,P022,338.91,false
R155,P038,93.85,true
R155,P040,73.86,true
R155,P029,75.29,false
R155,P049,323.54,false
R155,P039,164.92,true
R155,P004,236.81,true
R155,P021,398.14,true
R156,P005,397.5,true
R156,P032,337.62,true
R156,P014,252.68,false
R156,P041,338.97,false
R156,P044,333.56,false
R156,P021,72.72,false
R156,P027,257.21,true
R156,P016,213.12,true
R156,P007,67.37,true
R157,P045,76.55,true
R157,P046,269.7,true
R157,P038,217.35,false
R157,P042,396.75,false
R157,P048,103.81,true
R157,P049,76.95,true
R157,P004,327.9,true
R157,P026,188.88,true
R157,P034,327.85,true
R157,P011,63.06,false
R157,P044,132.73,true
R158,P003,117.09,false
R158,P020,364.89,true
R158,P045,283.23,true
R158,P039,90.9,false
R158,P004,399.7,true
R158,P016,255.37,true
R158,P031,88.11,false
R158,P011,318.68,false
R158,P047,73.63,false
R158,P023,60.46,true
R158,P019,152.78,true
R158,P024,264.71,false
R158,P034,338.71,false
R158,P022,362.78,true
R158,P033,333.9,true
R159,P013,336.06,false
R159,P026,151.19,true
R159,P003,149.59,true
R159,P008,318.23,true
R159,P045,38.17,false
R159,P035,253.2,false
R159,P049,317.94,true
R159,P015,272.47,false
R159,P037,288.95,false
R159,P039,167.26,false
R159,P017,84.5,false
R159,P023,368.85,true
R159,P040,240.28,true
R159,P007,291.46,false
R160,P041,355.23,true
R160,P013,386.49,false
R160,P022,105.12,false
R160,P042,200.28,false
R160,P006,287.73,true
R160,P027,209.77,true
R160,P026,292.91,true
R160,P033,292.82,true
R160,P005,146.55,true
R160,P047,270.91,false
R161,P045,118.78,true
R161,P040,185.31,true
R161,P034,102.46,true
R161,P047,193.37,false
R162,P007,323.68,false
R162,P035,132.99,false
R162,P042,312.68,false
R163,P043,124.3,false
R163,P002,37.67,false
R163,P011,195.31,false
R163,P045,291.07,true
R163,P018,78.08,false
R164,P005,261.66,true
R164,P022,362.5,false
R164,P027,49.21,false
R164,P018,338.25,true
R164,P001,144.53,false
R164,P040,396.39,true
R164,P037,220.63,true
R164,P019,175.72,true
R164,P007,278.6,true
R164,P020,44.91,true
R164,P032,151.18,false
R164,P023,260.02,true
R164,P013,308.51,true
R165,P041,210.3,false
R165,P012,192.97,false
R165,P016,253.98,true
R166,P023,257.22,true
R166,P015,340.06,true
R166,P049,320.96,false
R166,P035,81.29,true
R166,P025,142.33,false
R166,P006,189.99,true
R166,P037,222.02,true
R166,P017,133.61,true
R166,P045,108.57,false
R166,P005,281.21,true
R166,P047,382.58,false
R166,P013,111.17,false
R167,P048,364.42,false
R167,P034,302.05,false
R167,P025,318.26,false
R167,P028,331.36,true
R168,P016,237.39,false
R168,P047,42.6,false
R168,P036,109.53,true
R168,P012,245.83,false
R168,P025,94.53,false
R168,P040,257.2,false
R168,P009,342.89,true
R169,P037,111.48,true
R169,P028,341.42,false
R169,P039,182.77,true
R169,P049,129.39,true
R169,P019,327.94,true
R169,P021,36.65,false
R170,P009,304.94,false
R170,P036,278.44,false
R170,P033,191.84,false
R170,P030,201.8,false
R170,P014,290.79,false
R170,P018,290.6,true
R170,P019,353.35,false
R171,P004,72.46,false
R171,P006,210.36,false
R171,P017,187.87,false
R171,P040,35.02,false
R171,P029,62.95,false
R171,P049,379.44,true
R171,P045,175.29,false
R171,P002,130.18,true
R171,P014,109.61,true
R171,P034,388.92,false
R171,P048,257.9,false
R171,P046,245.05,false
R172,P018,366.91,false
R172,P021,320.26,false
R172,P049,347.76,true
R173,P022,207.14,true
R173,P020,363.32,false
R173,P003,80.4,true
R173,P009,343.24,false
R173,P046,55.33,true
R173,P017,231.7,false
R173,P012,191.16,true
R173,P036,310.78,false
R173,P028,222.67,true
R173,P005,264.65,true
R174,P042,221.93,true
R174,P019,41.92,true
R174,P037,42.93,true
R174,P016,345.31,true
R174,P027,195.34,false
R174,P036,254.39,true
R174,P004,387.9,true
R174,P043,35.56,false
R174,P025,269.59,false
R174,P013,88.81,false
R174,P021,202.78,false
R175,P031,264.54,false
R175,P004,182.08,false
R175,P014,307.73,true
R175,P025,119.91,true
R175,P021,281.11,true
R175,P027,106.6,false
R175,P010,195.51,false
R175,P049,67.4,true
R175,P013,198.7,true
R175,P028,340.94,false
R175,P048,145.03,false
R175,P017,203.26,false
R175,P020,98.17,false
R175,P019,359.92,false
R175,P040,124.43,false
R176,P035,131.71,false
R176,P021,387.66,false
R176,P045,258.85,false
R176,P003,272.27,false
R176,P033,341.35,false
R176,P040,85.49,false
R176,P036,344.68,false
R176,P039,308.72,false
R176,P032,355.53,true
R176,P042,386.24,true
R177,P025,384.78,false
R177,P030,188.76,false
R177,P027,64.39,false
R177,P036,163.02,false
R177,P031,67.22,false
R177,P019,310.35,true
R177,P002,272.89,true
R177,P017,56.68,true
R177,P010,322.9,true
R177,P044,243.41,false
R178,P003,273.96,false
R178,P027,168.39,false
R178,P024,383.15,true
R178,P026,350.7,true
R178,P023,378.64,false
R178,P033,394.11,true
R178,P010,349.52,true
R178,P016,129.98,true
R178,P019,347.25,true
R178,P017,60.6,true
R178,P022,332.45,false
R178,P043,335.93,true
R178,P034,63.71,false
R178,P040,339.25,true
R179,P036,218.37,false
R179,P007,322.46,false
R179,P044,181.65,true
R179,P021,148.87,false
R180,P029,137.44,false
R180,P028,302.57,false
R180,P006,180.96,false
R180,P033,234.86,true
R180,P042,293.48,true
R180,P046,305.24,true
R180,P027,169.63,false
R180,P047,391.95,false
R180,P032,41.12,true
R180,P001,135.82,true
R181,P015,283.35,false
R181,P045,98.78,true
R181,P050,59.49,true
R181,P001,164.41,true
R181,P012,354.62,false
R181,P037,172.28,false
R181,P046,211.86,false
R181,P032,351.68,true
R181,P028,236.39,true
R181,P019,127.47,false
R181,P002,96.2,false
R181,P021,144.22,false
R181,P018,337.08,true
R181,P031,103.61,false
R182,P007,210.51,true
R182,P002,340.98,true
R182,P048,231.1,false
R182,P044,185.97,false
R182,P011,209.86,true
R182,P015,109.38,true
R182,P033,370.32,true
R183,P044,230.1,true
R183,P013,162.48,false
R183,P001,267.76,true
R183,P010,213.47,false
R183,P023,160.46,true
R183,P033,330.23,false
R183,P024,292.65,true
R183,P049,369.59,false
R183,P018,155.56,true
R183,P027,172.53,false
R183,P021,311.63,true
R184,P035,229.36,true
R184,P014,234.92,true
R184,P007,302.3,true
R184,P038,385.59,true
R184,P015,333.98,false
R184,P020,104.01,true
R185,P039,98.29,false
R185,P012,91.48,true
R185,P020,142.75,true
R185,P011,142.94,false
R185,P007,67.16,true
R185,P045,65.6,false
R185,P050,167.29,true
R185,P024,382.58,false
R185,P037,116.56,true
R185,P030,56.49,false
R185,P016,143.34,false
R185,P004,195.95,true
R185,P038,280.18,true
R185,P046,361.2,false
R186,P040,305.62,false
R186,P036,121.64,false
R186,P020,153.82,false
R186,P043,78.68,true
R186,P021,253.14,true
R186,P046,86.6,false
R186,P030,159.55,true
R186,P027,187.2,true
R187,P047,56.49,true
R187,P007,93.41,false
R187,P002,83.91,true
R187,P027,182.64,true
R187,P049,187.35,true
R187,P045,90.46,true
R187,P025,265.98,false
R187,P042,164.88,false
R187,P044,97.23,false
R187,P040,340.02,false
R187,P006,383.43,true
R187,P048,228.11,false
R188,P037,266.17,false
R188,P046,214.68,true
R188,P006,236.21,false
R188,P001,52.94,true
R188,P047,92.63,true
R188,P023,52.02,false
R188,P050,368.2,false
R188,P015,238.98,false
R188,P009,303.28,false
R188,P041,328.85,false
R189,P010,142.76,true
R189,P040,363.85,true
R189,P023,155.88,true
R189,P006,292.87,true
R190,P034,320.86,false
R190,P026,358.54,false
R190,P002,199.67,false
R190,P025,287.8,false
R190,P003,50.21,true
R190,P019,128.87,true
R190,P036,266.62,false
R190,P048,194.01,false
R190,P012,109.55,true
R190,P042,363.71,false
R190,P017,263.86,false
R190,P001,192.47,true
R190,P027,115.5,false
R191,P033,110.19,true
R191,P050,187.09,true
R191,P029,358.04,true
R191,P047,342.82,true
R191,P025,357.92,true
R191,P023,326.77,true
R191,P028,237.94,true
R191,P040,371.57,false
R191,P043,338.21,false
R191,P016,277.87,false
R191,P005,364.43,true
R192,P037,96.5,false
R192,P040,147.43,true
R192,P001,129.76,true
R192,P014,384.32,true
R192,P033,147.28,true
R192,P002,239.69,false
R192,P047,357.19,false
R192,P022,208.09,true
R192,P008,334.33,false
R192,P017,300.98,true
R192,P034,274.99,false
R192,P038,215.1,false
R192,P021,350.55,false
R192,P016,332.36,false
R192,P036,339.67,false
R193,P045,277.2,true
R193,P043,226.82,true
R193,P010,296.67,true
R193,P038,312.45,true
R193,P011,227.33,true
R193,P024,124.6,true
R193,P049,50.23,false
R193,P044,190.89,false
R193,P035,283.75,false
R194,P027,114.87,false
R194,P041,302.93,false
R194,P032,338.3,false
R194,P033,157.17,true
R194,P002,119.33,true
R194,P040,64.62,false
R194,P026,152.67,false
R194,P018,284.54,false
R194,P021,253.89,true
R194,P036,372.17,false
R195,P035,292.6,false
R195,P046,389.32,false
R195,P030,284.63,true
R195,P018,191.42,false
R195,P006,312.62,true
R195,P044,323.32,false
R195,P005,189.91,false
R196,P018,315.14,false
R196,P040,148.4,true
R196,P027,258.15,false
R196,P023,228.23,false
R196,P021,121.72,true
R196,P005,368.43,true
R197,P014,245.1,true
R197,P023,97.98,false
R197,P048,87.77,false
R197,P033,312.15,true
R197,P012,146.44,true
R197,P004,210.05,false
R197,P008,236.95,false
R197,P026,194.1,true
R197,P013,383.54,true
R197,P003,135.23,true
R197,P006,106.74,false
R197,P021,237.05,true
R198,P015,395.17,false
R198,P029,73.08,false
R198,P048,154.1,false
R198,P016,187.14,true
R198,P024,160.94,true
R198,P034,360.76,true
R198,P026,259.49,false
R198,P044,211.86,false
R199,P026,74.09,true
R199,P041,294.37,false
R199,P045,184.2,true
R199,P009,328.1,false
R199,P032,304.32,true
R199,P047,393.11,false
R199,P004,389.0,true
R199,P049,238.34,true
R199,P022,280.86,false
R199,P014,159.17,false
R199,P050,235.39,true
R199,P020,368.68,false
R199,P037,101.57,false
R199,P005,114.4,false
R200,P031,257.47,true
R200,P042,338.38,false
R200,P033,65.0,true
R200,P018,256.61,true
R200,P019,201.47,false
R200,P026,170.17,true
R200,P001,243.99,false
R200,P029,144.11,false
R200,P036,255.47,true
